<?xml version='1.0' encoding='UTF-8'?>
<gpx version="1.1" creator="https://www.komoot.de" xmlns="http://www.topografix.com/GPX/1/1" xmlns:xsi="http://www.w3.org/2001/XMLSchema-instance" xsi:schemaLocation="http://www.topografix.com/GPX/1/1 http://www.topografix.com/GPX/1/1/gpx.xsd">
  <metadata>
    <name>Activité</name>
    <author>
      <link href="https://www.komoot.de">
        <text>komoot</text>
        <type>text/html</type>
      </link>
    </author>
  </metadata>
  <trk>
    <name>Activité</name>
    <type>hike</type>
    <trkseg>
      <trkpt lat="42.883213" lon="-0.270640">
        <ele>1471.611957</ele>
        <time>2026-07-04T03:54:02.999Z</time>
      </trkpt>
      <trkpt lat="42.882925" lon="-0.270381">
        <ele>1471.611957</ele>
        <time>2026-07-04T03:57:15.999Z</time>
      </trkpt>
      <trkpt lat="42.882832" lon="-0.270351">
        <ele>1471.611957</ele>
        <time>2026-07-04T03:57:24.999Z</time>
      </trkpt>
      <trkpt lat="42.882762" lon="-0.270269">
        <ele>1471.611957</ele>
        <time>2026-07-04T03:57:31.999Z</time>
      </trkpt>
      <trkpt lat="42.882675" lon="-0.270203">
        <ele>1471.611957</ele>
        <time>2026-07-04T03:57:40.998Z</time>
      </trkpt>
      <trkpt lat="42.882596" lon="-0.270135">
        <ele>1471.611957</ele>
        <time>2026-07-04T03:57:49.000Z</time>
      </trkpt>
      <trkpt lat="42.882583" lon="-0.270011">
        <ele>1471.611957</ele>
        <time>2026-07-04T03:57:59.000Z</time>
      </trkpt>
      <trkpt lat="42.882623" lon="-0.269879">
        <ele>1471.948243</ele>
        <time>2026-07-04T03:58:10.999Z</time>
      </trkpt>
      <trkpt lat="42.882700" lon="-0.269802">
        <ele>1473.356713</ele>
        <time>2026-07-04T03:58:20.999Z</time>
      </trkpt>
      <trkpt lat="42.882757" lon="-0.269703">
        <ele>1474.717940</ele>
        <time>2026-07-04T03:58:30.999Z</time>
      </trkpt>
      <trkpt lat="42.882841" lon="-0.269654">
        <ele>1476.065810</ele>
        <time>2026-07-04T03:58:38.999Z</time>
      </trkpt>
      <trkpt lat="42.882929" lon="-0.269588">
        <ele>1477.547380</ele>
        <time>2026-07-04T03:58:46.999Z</time>
      </trkpt>
      <trkpt lat="42.883018" lon="-0.269545">
        <ele>1478.940413</ele>
        <time>2026-07-04T03:58:53.999Z</time>
      </trkpt>
      <trkpt lat="42.883109" lon="-0.269502">
        <ele>1480.361298</ele>
        <time>2026-07-04T03:59:00.999Z</time>
      </trkpt>
      <trkpt lat="42.883042" lon="-0.269407">
        <ele>1481.786841</ele>
        <time>2026-07-04T03:59:27.999Z</time>
      </trkpt>
      <trkpt lat="42.882958" lon="-0.269363">
        <ele>1483.114395</ele>
        <time>2026-07-04T03:59:38.999Z</time>
      </trkpt>
      <trkpt lat="42.882865" lon="-0.269318">
        <ele>1484.570280</ele>
        <time>2026-07-04T03:59:51.000Z</time>
      </trkpt>
      <trkpt lat="42.882771" lon="-0.269329">
        <ele>1485.962314</ele>
        <time>2026-07-04T04:00:02.000Z</time>
      </trkpt>
      <trkpt lat="42.882682" lon="-0.269302">
        <ele>1487.307539</ele>
        <time>2026-07-04T04:00:13.999Z</time>
      </trkpt>
      <trkpt lat="42.882599" lon="-0.269244">
        <ele>1488.683389</ele>
        <time>2026-07-04T04:00:21.999Z</time>
      </trkpt>
      <trkpt lat="42.882519" lon="-0.269190">
        <ele>1490.000257</ele>
        <time>2026-07-04T04:00:33.999Z</time>
      </trkpt>
      <trkpt lat="42.882436" lon="-0.269122">
        <ele>1491.428628</ele>
        <time>2026-07-04T04:00:44.999Z</time>
      </trkpt>
      <trkpt lat="42.882356" lon="-0.269066">
        <ele>1492.755225</ele>
        <time>2026-07-04T04:00:54.999Z</time>
      </trkpt>
      <trkpt lat="42.882263" lon="-0.268991">
        <ele>1494.349092</ele>
        <time>2026-07-04T04:01:01.999Z</time>
      </trkpt>
      <trkpt lat="42.882200" lon="-0.268893">
        <ele>1495.758586</ele>
        <time>2026-07-04T04:01:11.999Z</time>
      </trkpt>
      <trkpt lat="42.882291" lon="-0.268842">
        <ele>1497.210076</ele>
        <time>2026-07-04T04:01:40.999Z</time>
      </trkpt>
      <trkpt lat="42.882384" lon="-0.268858">
        <ele>1498.719140</ele>
        <time>2026-07-04T04:01:49.998Z</time>
      </trkpt>
      <trkpt lat="42.882475" lon="-0.268811">
        <ele>1500.563425</ele>
        <time>2026-07-04T04:02:05.000Z</time>
      </trkpt>
      <trkpt lat="42.882568" lon="-0.268781">
        <ele>1502.374802</ele>
        <time>2026-07-04T04:02:14.999Z</time>
      </trkpt>
      <trkpt lat="42.882656" lon="-0.268737">
        <ele>1504.151254</ele>
        <time>2026-07-04T04:02:22.999Z</time>
      </trkpt>
      <trkpt lat="42.882738" lon="-0.268668">
        <ele>1505.977254</ele>
        <time>2026-07-04T04:02:31.999Z</time>
      </trkpt>
      <trkpt lat="42.882687" lon="-0.268564">
        <ele>1507.715356</ele>
        <time>2026-07-04T04:02:57.999Z</time>
      </trkpt>
      <trkpt lat="42.882597" lon="-0.268543">
        <ele>1509.446047</ele>
        <time>2026-07-04T04:03:09.999Z</time>
      </trkpt>
      <trkpt lat="42.882512" lon="-0.268495">
        <ele>1511.189694</ele>
        <time>2026-07-04T04:03:20.999Z</time>
      </trkpt>
      <trkpt lat="42.882442" lon="-0.268414">
        <ele>1512.929286</ele>
        <time>2026-07-04T04:03:30.999Z</time>
      </trkpt>
      <trkpt lat="42.882358" lon="-0.268341">
        <ele>1514.816914</ele>
        <time>2026-07-04T04:03:41.999Z</time>
      </trkpt>
      <trkpt lat="42.882277" lon="-0.268277">
        <ele>1516.591016</ele>
        <time>2026-07-04T04:03:52.998Z</time>
      </trkpt>
      <trkpt lat="42.882211" lon="-0.268167">
        <ele>1518.565674</ele>
        <time>2026-07-04T04:04:02.999Z</time>
      </trkpt>
      <trkpt lat="42.882133" lon="-0.268098">
        <ele>1520.327590</ele>
        <time>2026-07-04T04:04:09.999Z</time>
      </trkpt>
      <trkpt lat="42.882043" lon="-0.268078">
        <ele>1522.055995</ele>
        <time>2026-07-04T04:04:18.999Z</time>
      </trkpt>
      <trkpt lat="42.881958" lon="-0.268025">
        <ele>1523.827360</ele>
        <time>2026-07-04T04:04:30.999Z</time>
      </trkpt>
      <trkpt lat="42.882050" lon="-0.267997">
        <ele>1525.614045</ele>
        <time>2026-07-04T04:04:50.999Z</time>
      </trkpt>
      <trkpt lat="42.882149" lon="-0.267976">
        <ele>1527.513107</ele>
        <time>2026-07-04T04:05:01.999Z</time>
      </trkpt>
      <trkpt lat="42.882240" lon="-0.267957">
        <ele>1529.258069</ele>
        <time>2026-07-04T04:05:17.999Z</time>
      </trkpt>
      <trkpt lat="42.882198" lon="-0.267846">
        <ele>1530.993188</ele>
        <time>2026-07-04T04:05:35.999Z</time>
      </trkpt>
      <trkpt lat="42.882117" lon="-0.267789">
        <ele>1532.436738</ele>
        <time>2026-07-04T04:05:44.999Z</time>
      </trkpt>
      <trkpt lat="42.882027" lon="-0.267748">
        <ele>1533.165225</ele>
        <time>2026-07-04T04:05:58.998Z</time>
      </trkpt>
      <trkpt lat="42.881934" lon="-0.267726">
        <ele>1533.889910</ele>
        <time>2026-07-04T04:06:09.999Z</time>
      </trkpt>
      <trkpt lat="42.881833" lon="-0.267671">
        <ele>1534.724826</ele>
        <time>2026-07-04T04:06:22.999Z</time>
      </trkpt>
      <trkpt lat="42.881750" lon="-0.267612">
        <ele>1535.443351</ele>
        <time>2026-07-04T04:06:31.999Z</time>
      </trkpt>
      <trkpt lat="42.881661" lon="-0.267567">
        <ele>1536.172069</ele>
        <time>2026-07-04T04:06:42.999Z</time>
      </trkpt>
      <trkpt lat="42.881578" lon="-0.267512">
        <ele>1536.880480</ele>
        <time>2026-07-04T04:06:52.999Z</time>
      </trkpt>
      <trkpt lat="42.881498" lon="-0.267438">
        <ele>1537.622504</ele>
        <time>2026-07-04T04:07:00.999Z</time>
      </trkpt>
      <trkpt lat="42.881415" lon="-0.267386">
        <ele>1538.323707</ele>
        <time>2026-07-04T04:07:08.999Z</time>
      </trkpt>
      <trkpt lat="42.881319" lon="-0.267333">
        <ele>1539.118807</ele>
        <time>2026-07-04T04:07:18.999Z</time>
      </trkpt>
      <trkpt lat="42.881230" lon="-0.267273">
        <ele>1539.880964</ele>
        <time>2026-07-04T04:07:28.999Z</time>
      </trkpt>
      <trkpt lat="42.881136" lon="-0.267230">
        <ele>1540.642146</ele>
        <time>2026-07-04T04:07:38.999Z</time>
      </trkpt>
      <trkpt lat="42.881048" lon="-0.267204">
        <ele>1541.333447</ele>
        <time>2026-07-04T04:08:10.998Z</time>
      </trkpt>
      <trkpt lat="42.880953" lon="-0.267158">
        <ele>1542.107392</ele>
        <time>2026-07-04T04:08:19.999Z</time>
      </trkpt>
      <trkpt lat="42.880852" lon="-0.267132">
        <ele>1542.896528</ele>
        <time>2026-07-04T04:08:27.999Z</time>
      </trkpt>
      <trkpt lat="42.880754" lon="-0.267133">
        <ele>1543.648975</ele>
        <time>2026-07-04T04:08:36.999Z</time>
      </trkpt>
      <trkpt lat="42.880664" lon="-0.267155">
        <ele>1544.350977</ele>
        <time>2026-07-04T04:08:44.999Z</time>
      </trkpt>
      <trkpt lat="42.880583" lon="-0.267210">
        <ele>1545.045609</ele>
        <time>2026-07-04T04:08:52.999Z</time>
      </trkpt>
      <trkpt lat="42.880495" lon="-0.267258">
        <ele>1545.773228</ele>
        <time>2026-07-04T04:09:03.999Z</time>
      </trkpt>
      <trkpt lat="42.880403" lon="-0.267293">
        <ele>1546.009320</ele>
        <time>2026-07-04T04:09:14.999Z</time>
      </trkpt>
      <trkpt lat="42.880308" lon="-0.267334">
        <ele>1545.935431</ele>
        <time>2026-07-04T04:09:24.999Z</time>
      </trkpt>
      <trkpt lat="42.880215" lon="-0.267399">
        <ele>1545.857945</ele>
        <time>2026-07-04T04:09:33.999Z</time>
      </trkpt>
      <trkpt lat="42.880120" lon="-0.267429">
        <ele>1545.785633</ele>
        <time>2026-07-04T04:09:41.999Z</time>
      </trkpt>
      <trkpt lat="42.880036" lon="-0.267501">
        <ele>1545.712071</ele>
        <time>2026-07-04T04:09:49.999Z</time>
      </trkpt>
      <trkpt lat="42.879946" lon="-0.267522">
        <ele>1545.644360</ele>
        <time>2026-07-04T04:09:58.999Z</time>
      </trkpt>
      <trkpt lat="42.879854" lon="-0.267528">
        <ele>1545.576057</ele>
        <time>2026-07-04T04:10:07.998Z</time>
      </trkpt>
      <trkpt lat="42.879764" lon="-0.267561">
        <ele>1545.506947</ele>
        <time>2026-07-04T04:10:20.999Z</time>
      </trkpt>
      <trkpt lat="42.879673" lon="-0.267586">
        <ele>1545.438109</ele>
        <time>2026-07-04T04:10:29.999Z</time>
      </trkpt>
      <trkpt lat="42.879574" lon="-0.267628">
        <ele>1545.361226</ele>
        <time>2026-07-04T04:10:38.999Z</time>
      </trkpt>
      <trkpt lat="42.879483" lon="-0.267640">
        <ele>1545.293428</ele>
        <time>2026-07-04T04:10:44.999Z</time>
      </trkpt>
      <trkpt lat="42.879390" lon="-0.267672">
        <ele>1545.222302</ele>
        <time>2026-07-04T04:10:52.999Z</time>
      </trkpt>
      <trkpt lat="42.879304" lon="-0.267713">
        <ele>1545.154746</ele>
        <time>2026-07-04T04:11:00.999Z</time>
      </trkpt>
      <trkpt lat="42.879213" lon="-0.267709">
        <ele>1545.087227</ele>
        <time>2026-07-04T04:11:08.999Z</time>
      </trkpt>
      <trkpt lat="42.879128" lon="-0.267761">
        <ele>1545.018148</ele>
        <time>2026-07-04T04:11:17.999Z</time>
      </trkpt>
      <trkpt lat="42.879030" lon="-0.267771">
        <ele>1544.945270</ele>
        <time>2026-07-04T04:11:27.999Z</time>
      </trkpt>
      <trkpt lat="42.878933" lon="-0.267789">
        <ele>1544.872675</ele>
        <time>2026-07-04T04:11:36.999Z</time>
      </trkpt>
      <trkpt lat="42.878838" lon="-0.267778">
        <ele>1544.801971</ele>
        <time>2026-07-04T04:11:45.999Z</time>
      </trkpt>
      <trkpt lat="42.878750" lon="-0.267728">
        <ele>1544.731281</ele>
        <time>2026-07-04T04:11:54.999Z</time>
      </trkpt>
      <trkpt lat="42.878668" lon="-0.267674">
        <ele>1544.644137</ele>
        <time>2026-07-04T04:12:02.999Z</time>
      </trkpt>
      <trkpt lat="42.878573" lon="-0.267649">
        <ele>1544.547024</ele>
        <time>2026-07-04T04:12:11.998Z</time>
      </trkpt>
      <trkpt lat="42.878485" lon="-0.267684">
        <ele>1544.455019</ele>
        <time>2026-07-04T04:12:21.998Z</time>
      </trkpt>
      <trkpt lat="42.878385" lon="-0.267664">
        <ele>1544.353572</ele>
        <time>2026-07-04T04:12:30.999Z</time>
      </trkpt>
      <trkpt lat="42.878297" lon="-0.267628">
        <ele>1544.261359</ele>
        <time>2026-07-04T04:12:38.999Z</time>
      </trkpt>
      <trkpt lat="42.878204" lon="-0.267617">
        <ele>1544.167660</ele>
        <time>2026-07-04T04:12:46.999Z</time>
      </trkpt>
      <trkpt lat="42.878110" lon="-0.267615">
        <ele>1544.073296</ele>
        <time>2026-07-04T04:12:54.999Z</time>
      </trkpt>
      <trkpt lat="42.878018" lon="-0.267557">
        <ele>1543.971573</ele>
        <time>2026-07-04T04:13:03.999Z</time>
      </trkpt>
      <trkpt lat="42.877924" lon="-0.267508">
        <ele>1543.870571</ele>
        <time>2026-07-04T04:13:12.999Z</time>
      </trkpt>
      <trkpt lat="42.877834" lon="-0.267482">
        <ele>1543.778232</ele>
        <time>2026-07-04T04:13:21.999Z</time>
      </trkpt>
      <trkpt lat="42.877738" lon="-0.267438">
        <ele>1543.676582</ele>
        <time>2026-07-04T04:13:30.999Z</time>
      </trkpt>
      <trkpt lat="42.877663" lon="-0.267353">
        <ele>1543.578724</ele>
        <time>2026-07-04T04:13:40.999Z</time>
      </trkpt>
      <trkpt lat="42.877580" lon="-0.267289">
        <ele>1543.483032</ele>
        <time>2026-07-04T04:13:50.999Z</time>
      </trkpt>
      <trkpt lat="42.877492" lon="-0.267234">
        <ele>1543.385879</ele>
        <time>2026-07-04T04:13:59.999Z</time>
      </trkpt>
      <trkpt lat="42.877408" lon="-0.267179">
        <ele>1543.292360</ele>
        <time>2026-07-04T04:14:07.999Z</time>
      </trkpt>
      <trkpt lat="42.877320" lon="-0.267130">
        <ele>1543.196960</ele>
        <time>2026-07-04T04:14:17.998Z</time>
      </trkpt>
      <trkpt lat="42.877229" lon="-0.267095">
        <ele>1543.102060</ele>
        <time>2026-07-04T04:14:26.998Z</time>
      </trkpt>
      <trkpt lat="42.877149" lon="-0.267029">
        <ele>1543.008226</ele>
        <time>2026-07-04T04:14:35.999Z</time>
      </trkpt>
      <trkpt lat="42.877087" lon="-0.266930">
        <ele>1542.921141</ele>
        <time>2026-07-04T04:14:46.999Z</time>
      </trkpt>
      <trkpt lat="42.877028" lon="-0.266832">
        <ele>1543.388286</ele>
        <time>2026-07-04T04:14:55.999Z</time>
      </trkpt>
      <trkpt lat="42.876977" lon="-0.266728">
        <ele>1543.849193</ele>
        <time>2026-07-04T04:15:04.999Z</time>
      </trkpt>
      <trkpt lat="42.876915" lon="-0.266628">
        <ele>1544.331652</ele>
        <time>2026-07-04T04:15:13.999Z</time>
      </trkpt>
      <trkpt lat="42.876847" lon="-0.266543">
        <ele>1544.795144</ele>
        <time>2026-07-04T04:15:22.999Z</time>
      </trkpt>
      <trkpt lat="42.876756" lon="-0.266516">
        <ele>1545.263206</ele>
        <time>2026-07-04T04:15:31.999Z</time>
      </trkpt>
      <trkpt lat="42.876670" lon="-0.266473">
        <ele>1545.723553</ele>
        <time>2026-07-04T04:15:39.999Z</time>
      </trkpt>
      <trkpt lat="42.876595" lon="-0.266400">
        <ele>1546.186577</ele>
        <time>2026-07-04T04:15:47.999Z</time>
      </trkpt>
      <trkpt lat="42.876518" lon="-0.266318">
        <ele>1546.677490</ele>
        <time>2026-07-04T04:15:56.999Z</time>
      </trkpt>
      <trkpt lat="42.876478" lon="-0.266190">
        <ele>1547.190021</ele>
        <time>2026-07-04T04:16:05.999Z</time>
      </trkpt>
      <trkpt lat="42.876414" lon="-0.266090">
        <ele>1547.679035</ele>
        <time>2026-07-04T04:16:14.998Z</time>
      </trkpt>
      <trkpt lat="42.876353" lon="-0.265990">
        <ele>1548.158265</ele>
        <time>2026-07-04T04:16:23.998Z</time>
      </trkpt>
      <trkpt lat="42.876308" lon="-0.265879">
        <ele>1548.625497</ele>
        <time>2026-07-04T04:16:32.998Z</time>
      </trkpt>
      <trkpt lat="42.876229" lon="-0.265809">
        <ele>1549.098924</ele>
        <time>2026-07-04T04:16:42.999Z</time>
      </trkpt>
      <trkpt lat="42.876138" lon="-0.265815">
        <ele>1549.556833</ele>
        <time>2026-07-04T04:16:53.999Z</time>
      </trkpt>
      <trkpt lat="42.876057" lon="-0.265893">
        <ele>1550.055110</ele>
        <time>2026-07-04T04:17:03.999Z</time>
      </trkpt>
      <trkpt lat="42.875962" lon="-0.265942">
        <ele>1550.565561</ele>
        <time>2026-07-04T04:17:17.999Z</time>
      </trkpt>
      <trkpt lat="42.875895" lon="-0.266024">
        <ele>1551.017911</ele>
        <time>2026-07-04T04:17:29.999Z</time>
      </trkpt>
      <trkpt lat="42.875802" lon="-0.266052">
        <ele>1551.496581</ele>
        <time>2026-07-04T04:17:40.999Z</time>
      </trkpt>
      <trkpt lat="42.875707" lon="-0.266060">
        <ele>1551.991073</ele>
        <time>2026-07-04T04:17:50.999Z</time>
      </trkpt>
      <trkpt lat="42.875612" lon="-0.266093">
        <ele>1552.863055</ele>
        <time>2026-07-04T04:18:01.999Z</time>
      </trkpt>
      <trkpt lat="42.875517" lon="-0.266061">
        <ele>1553.733452</ele>
        <time>2026-07-04T04:18:12.999Z</time>
      </trkpt>
      <trkpt lat="42.875410" lon="-0.266081">
        <ele>1554.694112</ele>
        <time>2026-07-04T04:18:21.998Z</time>
      </trkpt>
      <trkpt lat="42.875319" lon="-0.266070">
        <ele>1555.506734</ele>
        <time>2026-07-04T04:18:31.998Z</time>
      </trkpt>
      <trkpt lat="42.875228" lon="-0.266089">
        <ele>1556.325606</ele>
        <time>2026-07-04T04:18:41.999Z</time>
      </trkpt>
      <trkpt lat="42.875135" lon="-0.266113">
        <ele>1557.167511</ele>
        <time>2026-07-04T04:18:51.999Z</time>
      </trkpt>
      <trkpt lat="42.875045" lon="-0.266139">
        <ele>1557.985812</ele>
        <time>2026-07-04T04:19:00.999Z</time>
      </trkpt>
      <trkpt lat="42.874943" lon="-0.266136">
        <ele>1558.893320</ele>
        <time>2026-07-04T04:19:11.999Z</time>
      </trkpt>
      <trkpt lat="42.874847" lon="-0.266150">
        <ele>1559.752110</ele>
        <time>2026-07-04T04:19:21.999Z</time>
      </trkpt>
      <trkpt lat="42.874748" lon="-0.266154">
        <ele>1560.633108</ele>
        <time>2026-07-04T04:19:31.999Z</time>
      </trkpt>
      <trkpt lat="42.874654" lon="-0.266154">
        <ele>1561.469245</ele>
        <time>2026-07-04T04:19:41.999Z</time>
      </trkpt>
      <trkpt lat="42.874562" lon="-0.266148">
        <ele>1562.288526</ele>
        <time>2026-07-04T04:19:53.999Z</time>
      </trkpt>
      <trkpt lat="42.874472" lon="-0.266206">
        <ele>1563.173873</ele>
        <time>2026-07-04T04:20:05.999Z</time>
      </trkpt>
      <trkpt lat="42.874381" lon="-0.266221">
        <ele>1563.989209</ele>
        <time>2026-07-04T04:20:17.999Z</time>
      </trkpt>
      <trkpt lat="42.874291" lon="-0.266243">
        <ele>1564.802510</ele>
        <time>2026-07-04T04:20:27.998Z</time>
      </trkpt>
      <trkpt lat="42.874201" lon="-0.266228">
        <ele>1565.609016</ele>
        <time>2026-07-04T04:20:35.998Z</time>
      </trkpt>
      <trkpt lat="42.874114" lon="-0.266266">
        <ele>1566.421566</ele>
        <time>2026-07-04T04:20:44.998Z</time>
      </trkpt>
      <trkpt lat="42.874021" lon="-0.266279">
        <ele>1567.253138</ele>
        <time>2026-07-04T04:20:54.999Z</time>
      </trkpt>
      <trkpt lat="42.873944" lon="-0.266362">
        <ele>1567.972686</ele>
        <time>2026-07-04T04:21:03.999Z</time>
      </trkpt>
      <trkpt lat="42.873846" lon="-0.266362">
        <ele>1568.071391</ele>
        <time>2026-07-04T04:21:12.999Z</time>
      </trkpt>
      <trkpt lat="42.873756" lon="-0.266410">
        <ele>1568.168717</ele>
        <time>2026-07-04T04:21:20.999Z</time>
      </trkpt>
      <trkpt lat="42.873682" lon="-0.266495">
        <ele>1568.266141</ele>
        <time>2026-07-04T04:21:30.999Z</time>
      </trkpt>
      <trkpt lat="42.873591" lon="-0.266523">
        <ele>1568.360097</ele>
        <time>2026-07-04T04:21:38.999Z</time>
      </trkpt>
      <trkpt lat="42.873502" lon="-0.266569">
        <ele>1568.455953</ele>
        <time>2026-07-04T04:21:48.999Z</time>
      </trkpt>
      <trkpt lat="42.873408" lon="-0.266612">
        <ele>1568.555808</ele>
        <time>2026-07-04T04:21:57.999Z</time>
      </trkpt>
      <trkpt lat="42.873314" lon="-0.266606">
        <ele>1568.650588</ele>
        <time>2026-07-04T04:22:05.999Z</time>
      </trkpt>
      <trkpt lat="42.873216" lon="-0.266638">
        <ele>1568.752080</ele>
        <time>2026-07-04T04:22:16.999Z</time>
      </trkpt>
      <trkpt lat="42.873120" lon="-0.266661">
        <ele>1568.850250</ele>
        <time>2026-07-04T04:22:25.999Z</time>
      </trkpt>
      <trkpt lat="42.873023" lon="-0.266659">
        <ele>1568.947959</ele>
        <time>2026-07-04T04:22:34.998Z</time>
      </trkpt>
      <trkpt lat="42.872928" lon="-0.266660">
        <ele>1569.043645</ele>
        <time>2026-07-04T04:22:45.998Z</time>
      </trkpt>
      <trkpt lat="42.872839" lon="-0.266698">
        <ele>1569.137572</ele>
        <time>2026-07-04T04:22:55.999Z</time>
      </trkpt>
      <trkpt lat="42.872755" lon="-0.266763">
        <ele>1569.234834</ele>
        <time>2026-07-04T04:23:06.999Z</time>
      </trkpt>
      <trkpt lat="42.872660" lon="-0.266799">
        <ele>1569.334139</ele>
        <time>2026-07-04T04:23:16.999Z</time>
      </trkpt>
      <trkpt lat="42.872572" lon="-0.266848">
        <ele>1569.429868</ele>
        <time>2026-07-04T04:23:26.999Z</time>
      </trkpt>
      <trkpt lat="42.872500" lon="-0.266924">
        <ele>1569.521552</ele>
        <time>2026-07-04T04:23:36.999Z</time>
      </trkpt>
      <trkpt lat="42.872262" lon="-0.266954">
        <ele>1569.762285</ele>
        <time>2026-07-04T04:24:21.999Z</time>
      </trkpt>
      <trkpt lat="42.872167" lon="-0.266921">
        <ele>1569.219451</ele>
        <time>2026-07-04T04:24:31.999Z</time>
      </trkpt>
      <trkpt lat="42.872074" lon="-0.266946">
        <ele>1568.679036</ele>
        <time>2026-07-04T04:24:40.998Z</time>
      </trkpt>
      <trkpt lat="42.871975" lon="-0.266939">
        <ele>1568.113848</ele>
        <time>2026-07-04T04:24:50.998Z</time>
      </trkpt>
      <trkpt lat="42.871887" lon="-0.266889">
        <ele>1567.570372</ele>
        <time>2026-07-04T04:24:59.999Z</time>
      </trkpt>
      <trkpt lat="42.871792" lon="-0.266856">
        <ele>1567.011470</ele>
        <time>2026-07-04T04:25:07.999Z</time>
      </trkpt>
      <trkpt lat="42.871697" lon="-0.266870">
        <ele>1566.466694</ele>
        <time>2026-07-04T04:25:16.999Z</time>
      </trkpt>
      <trkpt lat="42.871604" lon="-0.266889">
        <ele>1565.930561</ele>
        <time>2026-07-04T04:25:25.999Z</time>
      </trkpt>
      <trkpt lat="42.871504" lon="-0.266919">
        <ele>1565.346811</ele>
        <time>2026-07-04T04:25:36.999Z</time>
      </trkpt>
      <trkpt lat="42.871412" lon="-0.266917">
        <ele>1564.822222</ele>
        <time>2026-07-04T04:25:46.999Z</time>
      </trkpt>
      <trkpt lat="42.871331" lon="-0.266860">
        <ele>1564.302616</ele>
        <time>2026-07-04T04:25:55.999Z</time>
      </trkpt>
      <trkpt lat="42.871247" lon="-0.266798">
        <ele>1563.758127</ele>
        <time>2026-07-04T04:26:05.999Z</time>
      </trkpt>
      <trkpt lat="42.871187" lon="-0.266691">
        <ele>1563.195181</ele>
        <time>2026-07-04T04:26:14.999Z</time>
      </trkpt>
      <trkpt lat="42.871128" lon="-0.266581">
        <ele>1562.625614</ele>
        <time>2026-07-04T04:26:23.999Z</time>
      </trkpt>
      <trkpt lat="42.871050" lon="-0.266517">
        <ele>1562.106698</ele>
        <time>2026-07-04T04:26:31.999Z</time>
      </trkpt>
      <trkpt lat="42.870966" lon="-0.266462">
        <ele>1561.575501</ele>
        <time>2026-07-04T04:26:40.998Z</time>
      </trkpt>
      <trkpt lat="42.870896" lon="-0.266369">
        <ele>1561.018473</ele>
        <time>2026-07-04T04:26:50.998Z</time>
      </trkpt>
      <trkpt lat="42.870804" lon="-0.266368">
        <ele>1560.493935</ele>
        <time>2026-07-04T04:26:59.998Z</time>
      </trkpt>
      <trkpt lat="42.870712" lon="-0.266344">
        <ele>1559.959912</ele>
        <time>2026-07-04T04:27:09.999Z</time>
      </trkpt>
      <trkpt lat="42.870646" lon="-0.266242">
        <ele>1559.543238</ele>
        <time>2026-07-04T04:27:19.999Z</time>
      </trkpt>
      <trkpt lat="42.870645" lon="-0.266116">
        <ele>1559.690477</ele>
        <time>2026-07-04T04:27:30.999Z</time>
      </trkpt>
      <trkpt lat="42.870581" lon="-0.266030">
        <ele>1559.833692</ele>
        <time>2026-07-04T04:27:39.999Z</time>
      </trkpt>
      <trkpt lat="42.870491" lon="-0.265967">
        <ele>1559.994966</ele>
        <time>2026-07-04T04:27:48.999Z</time>
      </trkpt>
      <trkpt lat="42.870417" lon="-0.265890">
        <ele>1560.143342</ele>
        <time>2026-07-04T04:27:56.999Z</time>
      </trkpt>
      <trkpt lat="42.870330" lon="-0.265834">
        <ele>1560.296712</ele>
        <time>2026-07-04T04:28:06.999Z</time>
      </trkpt>
      <trkpt lat="42.870237" lon="-0.265856">
        <ele>1560.447200</ele>
        <time>2026-07-04T04:28:16.999Z</time>
      </trkpt>
      <trkpt lat="42.870184" lon="-0.265981">
        <ele>1560.615945</ele>
        <time>2026-07-04T04:28:26.999Z</time>
      </trkpt>
      <trkpt lat="42.870121" lon="-0.266070">
        <ele>1560.760529</ele>
        <time>2026-07-04T04:28:35.999Z</time>
      </trkpt>
      <trkpt lat="42.870023" lon="-0.266063">
        <ele>1560.916991</ele>
        <time>2026-07-04T04:28:46.997Z</time>
      </trkpt>
      <trkpt lat="42.869952" lon="-0.266142">
        <ele>1561.063059</ele>
        <time>2026-07-04T04:28:58.997Z</time>
      </trkpt>
      <trkpt lat="42.869879" lon="-0.266240">
        <ele>1561.226337</ele>
        <time>2026-07-04T04:29:10.999Z</time>
      </trkpt>
      <trkpt lat="42.869790" lon="-0.266286">
        <ele>1561.378075</ele>
        <time>2026-07-04T04:29:20.999Z</time>
      </trkpt>
      <trkpt lat="42.869701" lon="-0.266314">
        <ele>1561.523697</ele>
        <time>2026-07-04T04:29:30.999Z</time>
      </trkpt>
      <trkpt lat="42.869613" lon="-0.266284">
        <ele>1561.668314</ele>
        <time>2026-07-04T04:29:40.999Z</time>
      </trkpt>
      <trkpt lat="42.869531" lon="-0.266221">
        <ele>1561.818354</ele>
        <time>2026-07-04T04:29:51.999Z</time>
      </trkpt>
      <trkpt lat="42.869463" lon="-0.266123">
        <ele>1561.976049</ele>
        <time>2026-07-04T04:30:02.999Z</time>
      </trkpt>
      <trkpt lat="42.869395" lon="-0.266042">
        <ele>1562.119969</ele>
        <time>2026-07-04T04:30:14.999Z</time>
      </trkpt>
      <trkpt lat="42.869300" lon="-0.266069">
        <ele>1562.274684</ele>
        <time>2026-07-04T04:30:24.999Z</time>
      </trkpt>
      <trkpt lat="42.869204" lon="-0.266072">
        <ele>1562.931439</ele>
        <time>2026-07-04T04:30:33.999Z</time>
      </trkpt>
      <trkpt lat="42.869114" lon="-0.266080">
        <ele>1564.522577</ele>
        <time>2026-07-04T04:30:41.999Z</time>
      </trkpt>
      <trkpt lat="42.869015" lon="-0.266075">
        <ele>1566.270324</ele>
        <time>2026-07-04T04:30:49.999Z</time>
      </trkpt>
      <trkpt lat="42.868930" lon="-0.266133">
        <ele>1567.946957</ele>
        <time>2026-07-04T04:30:58.998Z</time>
      </trkpt>
      <trkpt lat="42.868852" lon="-0.266061">
        <ele>1569.608358</ele>
        <time>2026-07-04T04:31:06.998Z</time>
      </trkpt>
      <trkpt lat="42.868760" lon="-0.266024">
        <ele>1571.300454</ele>
        <time>2026-07-04T04:31:14.998Z</time>
      </trkpt>
      <trkpt lat="42.868668" lon="-0.265985">
        <ele>1573.000043</ele>
        <time>2026-07-04T04:31:24.999Z</time>
      </trkpt>
      <trkpt lat="42.868578" lon="-0.265952">
        <ele>1574.644150</ele>
        <time>2026-07-04T04:31:41.999Z</time>
      </trkpt>
      <trkpt lat="42.868534" lon="-0.266073">
        <ele>1576.390670</ele>
        <time>2026-07-04T04:32:01.999Z</time>
      </trkpt>
      <trkpt lat="42.868480" lon="-0.266180">
        <ele>1578.070457</ele>
        <time>2026-07-04T04:32:19.999Z</time>
      </trkpt>
      <trkpt lat="42.868401" lon="-0.266239">
        <ele>1579.659297</ele>
        <time>2026-07-04T04:32:44.999Z</time>
      </trkpt>
      <trkpt lat="42.868414" lon="-0.266369">
        <ele>1581.355782</ele>
        <time>2026-07-04T04:33:05.998Z</time>
      </trkpt>
      <trkpt lat="42.868422" lon="-0.266503">
        <ele>1583.094152</ele>
        <time>2026-07-04T04:33:18.998Z</time>
      </trkpt>
      <trkpt lat="42.868411" lon="-0.266766">
        <ele>1586.500296</ele>
        <time>2026-07-04T04:34:15.999Z</time>
      </trkpt>
      <trkpt lat="42.868425" lon="-0.266894">
        <ele>1588.173675</ele>
        <time>2026-07-04T04:34:26.999Z</time>
      </trkpt>
      <trkpt lat="42.868452" lon="-0.267016">
        <ele>1589.821492</ele>
        <time>2026-07-04T04:34:38.999Z</time>
      </trkpt>
      <trkpt lat="42.868488" lon="-0.267144">
        <ele>1591.594216</ele>
        <time>2026-07-04T04:34:50.999Z</time>
      </trkpt>
      <trkpt lat="42.868532" lon="-0.267261">
        <ele>1593.294561</ele>
        <time>2026-07-04T04:35:04.999Z</time>
      </trkpt>
      <trkpt lat="42.868593" lon="-0.267363">
        <ele>1595.251362</ele>
        <time>2026-07-04T04:35:16.998Z</time>
      </trkpt>
      <trkpt lat="42.868634" lon="-0.267478">
        <ele>1597.379251</ele>
        <time>2026-07-04T04:35:32.999Z</time>
      </trkpt>
      <trkpt lat="42.868704" lon="-0.267564">
        <ele>1599.517754</ele>
        <time>2026-07-04T04:35:43.999Z</time>
      </trkpt>
      <trkpt lat="42.868784" lon="-0.267621">
        <ele>1601.566697</ele>
        <time>2026-07-04T04:35:56.999Z</time>
      </trkpt>
      <trkpt lat="42.868848" lon="-0.267718">
        <ele>1603.738358</ele>
        <time>2026-07-04T04:36:13.999Z</time>
      </trkpt>
      <trkpt lat="42.868916" lon="-0.267804">
        <ele>1605.843335</ele>
        <time>2026-07-04T04:36:29.999Z</time>
      </trkpt>
      <trkpt lat="42.869006" lon="-0.267846">
        <ele>1608.002785</ele>
        <time>2026-07-04T04:36:44.999Z</time>
      </trkpt>
      <trkpt lat="42.869074" lon="-0.267932">
        <ele>1610.107759</ele>
        <time>2026-07-04T04:36:58.999Z</time>
      </trkpt>
      <trkpt lat="42.869156" lon="-0.268003">
        <ele>1612.312590</ele>
        <time>2026-07-04T04:37:17.998Z</time>
      </trkpt>
      <trkpt lat="42.869294" lon="-0.268324">
        <ele>1618.504773</ele>
        <time>2026-07-04T04:39:06.999Z</time>
      </trkpt>
      <trkpt lat="42.869270" lon="-0.268443">
        <ele>1620.558413</ele>
        <time>2026-07-04T04:39:18.998Z</time>
      </trkpt>
      <trkpt lat="42.869228" lon="-0.268559">
        <ele>1622.711218</ele>
        <time>2026-07-04T04:39:33.998Z</time>
      </trkpt>
      <trkpt lat="42.869271" lon="-0.268680">
        <ele>1624.948729</ele>
        <time>2026-07-04T04:39:48.999Z</time>
      </trkpt>
      <trkpt lat="42.869364" lon="-0.268720">
        <ele>1627.162499</ele>
        <time>2026-07-04T04:40:03.999Z</time>
      </trkpt>
      <trkpt lat="42.869425" lon="-0.268821">
        <ele>1629.340125</ele>
        <time>2026-07-04T04:40:15.999Z</time>
      </trkpt>
      <trkpt lat="42.869479" lon="-0.268922">
        <ele>1631.420303</ele>
        <time>2026-07-04T04:40:25.999Z</time>
      </trkpt>
      <trkpt lat="42.869525" lon="-0.269041">
        <ele>1633.658862</ele>
        <time>2026-07-04T04:40:36.999Z</time>
      </trkpt>
      <trkpt lat="42.869609" lon="-0.269111">
        <ele>1636.159694</ele>
        <time>2026-07-04T04:40:47.999Z</time>
      </trkpt>
      <trkpt lat="42.869694" lon="-0.269151">
        <ele>1638.773026</ele>
        <time>2026-07-04T04:41:02.999Z</time>
      </trkpt>
      <trkpt lat="42.869661" lon="-0.269266">
        <ele>1641.403810</ele>
        <time>2026-07-04T04:41:20.998Z</time>
      </trkpt>
      <trkpt lat="42.869579" lon="-0.269341">
        <ele>1644.273077</ele>
        <time>2026-07-04T04:41:35.998Z</time>
      </trkpt>
      <trkpt lat="42.869511" lon="-0.269427">
        <ele>1646.967943</ele>
        <time>2026-07-04T04:41:55.999Z</time>
      </trkpt>
      <trkpt lat="42.869458" lon="-0.269534">
        <ele>1649.718974</ele>
        <time>2026-07-04T04:42:15.999Z</time>
      </trkpt>
      <trkpt lat="42.869496" lon="-0.269654">
        <ele>1652.503599</ele>
        <time>2026-07-04T04:42:41.999Z</time>
      </trkpt>
      <trkpt lat="42.869514" lon="-0.269787">
        <ele>1655.384646</ele>
        <time>2026-07-04T04:42:57.999Z</time>
      </trkpt>
      <trkpt lat="42.869527" lon="-0.269915">
        <ele>1658.137339</ele>
        <time>2026-07-04T04:43:11.999Z</time>
      </trkpt>
      <trkpt lat="42.869436" lon="-0.270115">
        <ele>1663.151953</ele>
        <time>2026-07-04T04:44:51.999Z</time>
      </trkpt>
      <trkpt lat="42.869372" lon="-0.270207">
        <ele>1665.853971</ele>
        <time>2026-07-04T04:45:12.999Z</time>
      </trkpt>
      <trkpt lat="42.869344" lon="-0.270336">
        <ele>1668.719894</ele>
        <time>2026-07-04T04:45:38.998Z</time>
      </trkpt>
      <trkpt lat="42.869330" lon="-0.270468">
        <ele>1671.561038</ele>
        <time>2026-07-04T04:45:58.999Z</time>
      </trkpt>
      <trkpt lat="42.869314" lon="-0.270593">
        <ele>1674.264082</ele>
        <time>2026-07-04T04:46:28.999Z</time>
      </trkpt>
      <trkpt lat="42.869317" lon="-0.270719">
        <ele>1676.949541</ele>
        <time>2026-07-04T04:46:45.999Z</time>
      </trkpt>
      <trkpt lat="42.869369" lon="-0.270825">
        <ele>1679.666680</ele>
        <time>2026-07-04T04:47:02.999Z</time>
      </trkpt>
      <trkpt lat="42.869378" lon="-0.270947">
        <ele>1682.278644</ele>
        <time>2026-07-04T04:47:20.999Z</time>
      </trkpt>
      <trkpt lat="42.869334" lon="-0.271061">
        <ele>1685.023220</ele>
        <time>2026-07-04T04:47:34.998Z</time>
      </trkpt>
      <trkpt lat="42.869342" lon="-0.271193">
        <ele>1687.756399</ele>
        <time>2026-07-04T04:47:50.998Z</time>
      </trkpt>
      <trkpt lat="42.869344" lon="-0.271317">
        <ele>1690.024613</ele>
        <time>2026-07-04T04:48:05.999Z</time>
      </trkpt>
      <trkpt lat="42.869380" lon="-0.271439">
        <ele>1692.429745</ele>
        <time>2026-07-04T04:48:24.999Z</time>
      </trkpt>
      <trkpt lat="42.869344" lon="-0.271557">
        <ele>1694.767179</ele>
        <time>2026-07-04T04:48:41.999Z</time>
      </trkpt>
      <trkpt lat="42.869399" lon="-0.271654">
        <ele>1697.009970</ele>
        <time>2026-07-04T04:48:59.999Z</time>
      </trkpt>
      <trkpt lat="42.869386" lon="-0.271776">
        <ele>1699.264515</ele>
        <time>2026-07-04T04:49:34.998Z</time>
      </trkpt>
      <trkpt lat="42.869321" lon="-0.271876">
        <ele>1701.708875</ele>
        <time>2026-07-04T04:49:49.998Z</time>
      </trkpt>
      <trkpt lat="42.869330" lon="-0.272003">
        <ele>1704.042235</ele>
        <time>2026-07-04T04:50:11.999Z</time>
      </trkpt>
      <trkpt lat="42.869345" lon="-0.272127">
        <ele>1706.340580</ele>
        <time>2026-07-04T04:50:24.999Z</time>
      </trkpt>
      <trkpt lat="42.869336" lon="-0.272260">
        <ele>1708.783178</ele>
        <time>2026-07-04T04:50:39.999Z</time>
      </trkpt>
      <trkpt lat="42.869349" lon="-0.272385">
        <ele>1711.092030</ele>
        <time>2026-07-04T04:50:54.999Z</time>
      </trkpt>
      <trkpt lat="42.869304" lon="-0.272501">
        <ele>1713.492233</ele>
        <time>2026-07-04T04:51:06.999Z</time>
      </trkpt>
      <trkpt lat="42.869228" lon="-0.272585">
        <ele>1715.932723</ele>
        <time>2026-07-04T04:51:20.999Z</time>
      </trkpt>
      <trkpt lat="42.869189" lon="-0.272709">
        <ele>1718.400376</ele>
        <time>2026-07-04T04:51:40.999Z</time>
      </trkpt>
      <trkpt lat="42.869139" lon="-0.272812">
        <ele>1720.659710</ele>
        <time>2026-07-04T04:52:10.998Z</time>
      </trkpt>
      <trkpt lat="42.869089" lon="-0.272930">
        <ele>1723.152351</ele>
        <time>2026-07-04T04:52:36.999Z</time>
      </trkpt>
      <trkpt lat="42.869046" lon="-0.273056">
        <ele>1725.694156</ele>
        <time>2026-07-04T04:52:49.999Z</time>
      </trkpt>
      <trkpt lat="42.869031" lon="-0.273183">
        <ele>1728.046660</ele>
        <time>2026-07-04T04:53:02.999Z</time>
      </trkpt>
      <trkpt lat="42.869034" lon="-0.273311">
        <ele>1730.388683</ele>
        <time>2026-07-04T04:53:14.999Z</time>
      </trkpt>
      <trkpt lat="42.869029" lon="-0.273439">
        <ele>1732.412500</ele>
        <time>2026-07-04T04:53:28.999Z</time>
      </trkpt>
      <trkpt lat="42.869009" lon="-0.273567">
        <ele>1733.592675</ele>
        <time>2026-07-04T04:53:43.999Z</time>
      </trkpt>
      <trkpt lat="42.869017" lon="-0.273696">
        <ele>1734.760087</ele>
        <time>2026-07-04T04:53:57.998Z</time>
      </trkpt>
      <trkpt lat="42.868997" lon="-0.273815">
        <ele>1735.861019</ele>
        <time>2026-07-04T04:54:11.998Z</time>
      </trkpt>
      <trkpt lat="42.869047" lon="-0.273934">
        <ele>1737.097930</ele>
        <time>2026-07-04T04:54:25.999Z</time>
      </trkpt>
      <trkpt lat="42.869057" lon="-0.274066">
        <ele>1738.294578</ele>
        <time>2026-07-04T04:54:38.999Z</time>
      </trkpt>
      <trkpt lat="42.869066" lon="-0.274195">
        <ele>1739.463091</ele>
        <time>2026-07-04T04:54:48.999Z</time>
      </trkpt>
      <trkpt lat="42.869034" lon="-0.274320">
        <ele>1740.657057</ele>
        <time>2026-07-04T04:55:00.999Z</time>
      </trkpt>
      <trkpt lat="42.869041" lon="-0.274453">
        <ele>1741.859470</ele>
        <time>2026-07-04T04:55:14.999Z</time>
      </trkpt>
      <trkpt lat="42.869105" lon="-0.274544">
        <ele>1742.996755</ele>
        <time>2026-07-04T04:55:25.999Z</time>
      </trkpt>
      <trkpt lat="42.869157" lon="-0.274645">
        <ele>1744.109779</ele>
        <time>2026-07-04T04:55:39.999Z</time>
      </trkpt>
      <trkpt lat="42.869219" lon="-0.274741">
        <ele>1745.263597</ele>
        <time>2026-07-04T04:55:55.998Z</time>
      </trkpt>
      <trkpt lat="42.869285" lon="-0.274834">
        <ele>1746.430943</ele>
        <time>2026-07-04T04:56:18.998Z</time>
      </trkpt>
      <trkpt lat="42.869376" lon="-0.274860">
        <ele>1747.574859</ele>
        <time>2026-07-04T04:56:35.999Z</time>
      </trkpt>
      <trkpt lat="42.869429" lon="-0.274969">
        <ele>1748.754400</ele>
        <time>2026-07-04T04:56:51.999Z</time>
      </trkpt>
      <trkpt lat="42.869500" lon="-0.275052">
        <ele>1749.904737</ele>
        <time>2026-07-04T04:57:04.999Z</time>
      </trkpt>
      <trkpt lat="42.869519" lon="-0.275174">
        <ele>1751.029423</ele>
        <time>2026-07-04T04:57:17.999Z</time>
      </trkpt>
      <trkpt lat="42.869488" lon="-0.275298">
        <ele>1752.210843</ele>
        <time>2026-07-04T04:57:32.999Z</time>
      </trkpt>
      <trkpt lat="42.869479" lon="-0.275429">
        <ele>1753.397302</ele>
        <time>2026-07-04T04:57:57.999Z</time>
      </trkpt>
      <trkpt lat="42.869431" lon="-0.275553">
        <ele>1754.372960</ele>
        <time>2026-07-04T04:58:12.998Z</time>
      </trkpt>
      <trkpt lat="42.869408" lon="-0.275672">
        <ele>1754.739016</ele>
        <time>2026-07-04T04:58:28.998Z</time>
      </trkpt>
      <trkpt lat="42.869396" lon="-0.275798">
        <ele>1755.116943</ele>
        <time>2026-07-04T04:58:41.999Z</time>
      </trkpt>
      <trkpt lat="42.869374" lon="-0.275926">
        <ele>1755.507996</ele>
        <time>2026-07-04T04:58:56.999Z</time>
      </trkpt>
      <trkpt lat="42.869383" lon="-0.276054">
        <ele>1755.890469</ele>
        <time>2026-07-04T04:59:11.999Z</time>
      </trkpt>
      <trkpt lat="42.869349" lon="-0.276173">
        <ele>1756.270369</ele>
        <time>2026-07-04T04:59:23.999Z</time>
      </trkpt>
      <trkpt lat="42.869274" lon="-0.276262">
        <ele>1756.673761</ele>
        <time>2026-07-04T04:59:34.999Z</time>
      </trkpt>
      <trkpt lat="42.869189" lon="-0.276316">
        <ele>1757.054283</ele>
        <time>2026-07-04T04:59:46.999Z</time>
      </trkpt>
      <trkpt lat="42.869105" lon="-0.276609">
        <ele>1757.990092</ele>
        <time>2026-07-04T05:01:29.000Z</time>
      </trkpt>
      <trkpt lat="42.869079" lon="-0.276732">
        <ele>1758.370859</ele>
        <time>2026-07-04T05:01:40.000Z</time>
      </trkpt>
      <trkpt lat="42.869049" lon="-0.276854">
        <ele>1758.753619</ele>
        <time>2026-07-04T05:01:52.000Z</time>
      </trkpt>
      <trkpt lat="42.868980" lon="-0.276945">
        <ele>1759.143080</ele>
        <time>2026-07-04T05:02:04.000Z</time>
      </trkpt>
      <trkpt lat="42.868939" lon="-0.277057">
        <ele>1759.515460</ele>
        <time>2026-07-04T05:02:18.999Z</time>
      </trkpt>
      <trkpt lat="42.868938" lon="-0.277181">
        <ele>1759.884312</ele>
        <time>2026-07-04T05:02:32.999Z</time>
      </trkpt>
      <trkpt lat="42.868895" lon="-0.277304">
        <ele>1760.289656</ele>
        <time>2026-07-04T05:02:45.999Z</time>
      </trkpt>
      <trkpt lat="42.868915" lon="-0.277434">
        <ele>1760.684760</ele>
        <time>2026-07-04T05:03:01.000Z</time>
      </trkpt>
      <trkpt lat="42.868932" lon="-0.277563">
        <ele>1761.074615</ele>
        <time>2026-07-04T05:03:14.000Z</time>
      </trkpt>
      <trkpt lat="42.868953" lon="-0.277683">
        <ele>1761.441581</ele>
        <time>2026-07-04T05:03:31.000Z</time>
      </trkpt>
      <trkpt lat="42.868963" lon="-0.277806">
        <ele>1761.583732</ele>
        <time>2026-07-04T05:03:44.000Z</time>
      </trkpt>
      <trkpt lat="42.868974" lon="-0.277943">
        <ele>1761.662079</ele>
        <time>2026-07-04T05:03:58.000Z</time>
      </trkpt>
      <trkpt lat="42.868977" lon="-0.278067">
        <ele>1761.732608</ele>
        <time>2026-07-04T05:04:11.999Z</time>
      </trkpt>
      <trkpt lat="42.868986" lon="-0.278200">
        <ele>1761.808537</ele>
        <time>2026-07-04T05:04:23.999Z</time>
      </trkpt>
      <trkpt lat="42.868988" lon="-0.278327">
        <ele>1761.880749</ele>
        <time>2026-07-04T05:04:37.999Z</time>
      </trkpt>
      <trkpt lat="42.868951" lon="-0.278448">
        <ele>1761.955281</ele>
        <time>2026-07-04T05:04:50.999Z</time>
      </trkpt>
      <trkpt lat="42.868901" lon="-0.278561">
        <ele>1762.030318</ele>
        <time>2026-07-04T05:05:04.000Z</time>
      </trkpt>
      <trkpt lat="42.868835" lon="-0.278646">
        <ele>1762.100713</ele>
        <time>2026-07-04T05:05:16.000Z</time>
      </trkpt>
      <trkpt lat="42.868765" lon="-0.278735">
        <ele>1762.174927</ele>
        <time>2026-07-04T05:05:30.000Z</time>
      </trkpt>
      <trkpt lat="42.868681" lon="-0.278796">
        <ele>1762.248734</ele>
        <time>2026-07-04T05:05:43.000Z</time>
      </trkpt>
      <trkpt lat="42.868604" lon="-0.278864">
        <ele>1762.319876</ele>
        <time>2026-07-04T05:05:57.000Z</time>
      </trkpt>
      <trkpt lat="42.868515" lon="-0.278919">
        <ele>1762.395658</ele>
        <time>2026-07-04T05:06:09.000Z</time>
      </trkpt>
      <trkpt lat="42.868419" lon="-0.278893">
        <ele>1762.471572</ele>
        <time>2026-07-04T05:06:21.999Z</time>
      </trkpt>
      <trkpt lat="42.868344" lon="-0.278975">
        <ele>1762.546118</ele>
        <time>2026-07-04T05:06:33.999Z</time>
      </trkpt>
      <trkpt lat="42.868268" lon="-0.279043">
        <ele>1762.616611</ele>
        <time>2026-07-04T05:06:53.999Z</time>
      </trkpt>
      <trkpt lat="42.868201" lon="-0.279133">
        <ele>1762.689537</ele>
        <time>2026-07-04T05:07:07.000Z</time>
      </trkpt>
      <trkpt lat="42.868134" lon="-0.279225">
        <ele>1762.763266</ele>
        <time>2026-07-04T05:07:20.000Z</time>
      </trkpt>
      <trkpt lat="42.868073" lon="-0.279315">
        <ele>1762.832953</ele>
        <time>2026-07-04T05:07:41.000Z</time>
      </trkpt>
      <trkpt lat="42.867852" lon="-0.279488">
        <ele>1763.299216</ele>
        <time>2026-07-04T05:08:57.999Z</time>
      </trkpt>
      <trkpt lat="42.867766" lon="-0.279531">
        <ele>1763.551779</ele>
        <time>2026-07-04T05:09:09.000Z</time>
      </trkpt>
      <trkpt lat="42.867696" lon="-0.279632">
        <ele>1763.832712</ele>
        <time>2026-07-04T05:09:22.000Z</time>
      </trkpt>
      <trkpt lat="42.867648" lon="-0.279744">
        <ele>1764.094922</ele>
        <time>2026-07-04T05:09:35.000Z</time>
      </trkpt>
      <trkpt lat="42.867569" lon="-0.279803">
        <ele>1764.343260</ele>
        <time>2026-07-04T05:09:45.000Z</time>
      </trkpt>
      <trkpt lat="42.867512" lon="-0.279901">
        <ele>1764.596107</ele>
        <time>2026-07-04T05:09:56.000Z</time>
      </trkpt>
      <trkpt lat="42.867450" lon="-0.279993">
        <ele>1764.848692</ele>
        <time>2026-07-04T05:10:08.000Z</time>
      </trkpt>
      <trkpt lat="42.867432" lon="-0.280119">
        <ele>1765.108132</ele>
        <time>2026-07-04T05:10:19.000Z</time>
      </trkpt>
      <trkpt lat="42.867420" lon="-0.280244">
        <ele>1765.362917</ele>
        <time>2026-07-04T05:10:31.999Z</time>
      </trkpt>
      <trkpt lat="42.867358" lon="-0.280345">
        <ele>1765.629177</ele>
        <time>2026-07-04T05:10:43.999Z</time>
      </trkpt>
      <trkpt lat="42.867303" lon="-0.280451">
        <ele>1765.891655</ele>
        <time>2026-07-04T05:10:54.999Z</time>
      </trkpt>
      <trkpt lat="42.867245" lon="-0.280552">
        <ele>1766.150970</ele>
        <time>2026-07-04T05:11:06.999Z</time>
      </trkpt>
      <trkpt lat="42.867162" lon="-0.280623">
        <ele>1766.421102</ele>
        <time>2026-07-04T05:11:18.000Z</time>
      </trkpt>
      <trkpt lat="42.867101" lon="-0.280724">
        <ele>1766.685600</ele>
        <time>2026-07-04T05:11:29.000Z</time>
      </trkpt>
      <trkpt lat="42.867049" lon="-0.280844">
        <ele>1766.967340</ele>
        <time>2026-07-04T05:11:39.000Z</time>
      </trkpt>
      <trkpt lat="42.867012" lon="-0.280968">
        <ele>1767.237920</ele>
        <time>2026-07-04T05:11:48.000Z</time>
      </trkpt>
      <trkpt lat="42.867000" lon="-0.281092">
        <ele>1767.490703</ele>
        <time>2026-07-04T05:11:57.000Z</time>
      </trkpt>
      <trkpt lat="42.866984" lon="-0.281217">
        <ele>1767.747156</ele>
        <time>2026-07-04T05:12:06.000Z</time>
      </trkpt>
      <trkpt lat="42.867019" lon="-0.281338">
        <ele>1767.989386</ele>
        <time>2026-07-04T05:12:17.000Z</time>
      </trkpt>
      <trkpt lat="42.866997" lon="-0.281458">
        <ele>1768.198024</ele>
        <time>2026-07-04T05:12:29.000Z</time>
      </trkpt>
      <trkpt lat="42.866943" lon="-0.281570">
        <ele>1768.424142</ele>
        <time>2026-07-04T05:12:41.999Z</time>
      </trkpt>
      <trkpt lat="42.866849" lon="-0.281572">
        <ele>1768.640489</ele>
        <time>2026-07-04T05:12:52.999Z</time>
      </trkpt>
      <trkpt lat="42.866779" lon="-0.281659">
        <ele>1768.858395</ele>
        <time>2026-07-04T05:13:03.999Z</time>
      </trkpt>
      <trkpt lat="42.866740" lon="-0.281780">
        <ele>1769.081347</ele>
        <time>2026-07-04T05:13:16.000Z</time>
      </trkpt>
      <trkpt lat="42.866666" lon="-0.281858">
        <ele>1769.296542</ele>
        <time>2026-07-04T05:13:27.000Z</time>
      </trkpt>
      <trkpt lat="42.866606" lon="-0.281959">
        <ele>1769.515828</ele>
        <time>2026-07-04T05:13:37.000Z</time>
      </trkpt>
      <trkpt lat="42.866514" lon="-0.281980">
        <ele>1769.730488</ele>
        <time>2026-07-04T05:13:48.000Z</time>
      </trkpt>
      <trkpt lat="42.866424" lon="-0.281926">
        <ele>1769.956746</ele>
        <time>2026-07-04T05:13:59.000Z</time>
      </trkpt>
      <trkpt lat="42.866337" lon="-0.281968">
        <ele>1770.169121</ele>
        <time>2026-07-04T05:14:08.000Z</time>
      </trkpt>
      <trkpt lat="42.866244" lon="-0.281976">
        <ele>1770.383564</ele>
        <time>2026-07-04T05:14:17.000Z</time>
      </trkpt>
      <trkpt lat="42.866167" lon="-0.282055">
        <ele>1770.605273</ele>
        <time>2026-07-04T05:14:26.000Z</time>
      </trkpt>
      <trkpt lat="42.866100" lon="-0.282142">
        <ele>1770.818127</ele>
        <time>2026-07-04T05:14:33.999Z</time>
      </trkpt>
      <trkpt lat="42.866032" lon="-0.282234">
        <ele>1771.038509</ele>
        <time>2026-07-04T05:14:42.999Z</time>
      </trkpt>
      <trkpt lat="42.865974" lon="-0.282344">
        <ele>1771.267070</ele>
        <time>2026-07-04T05:14:51.999Z</time>
      </trkpt>
      <trkpt lat="42.865907" lon="-0.282438">
        <ele>1771.488230</ele>
        <time>2026-07-04T05:15:00.999Z</time>
      </trkpt>
      <trkpt lat="42.865837" lon="-0.282530">
        <ele>1771.711903</ele>
        <time>2026-07-04T05:15:10.999Z</time>
      </trkpt>
      <trkpt lat="42.865750" lon="-0.282581">
        <ele>1771.929813</ele>
        <time>2026-07-04T05:15:22.000Z</time>
      </trkpt>
      <trkpt lat="42.865667" lon="-0.282631">
        <ele>1772.415520</ele>
        <time>2026-07-04T05:15:31.000Z</time>
      </trkpt>
      <trkpt lat="42.865575" lon="-0.282662">
        <ele>1773.161835</ele>
        <time>2026-07-04T05:15:41.000Z</time>
      </trkpt>
      <trkpt lat="42.865485" lon="-0.282722">
        <ele>1773.950720</ele>
        <time>2026-07-04T05:15:52.000Z</time>
      </trkpt>
      <trkpt lat="42.865388" lon="-0.282721">
        <ele>1774.714664</ele>
        <time>2026-07-04T05:16:02.000Z</time>
      </trkpt>
      <trkpt lat="42.865306" lon="-0.282658">
        <ele>1775.455807</ele>
        <time>2026-07-04T05:16:12.000Z</time>
      </trkpt>
      <trkpt lat="42.865216" lon="-0.282671">
        <ele>1776.168562</ele>
        <time>2026-07-04T05:16:22.000Z</time>
      </trkpt>
      <trkpt lat="42.865133" lon="-0.282721">
        <ele>1776.883110</ele>
        <time>2026-07-04T05:16:33.999Z</time>
      </trkpt>
      <trkpt lat="42.865004" lon="-0.283065">
        <ele>1779.113615</ele>
        <time>2026-07-04T05:17:41.000Z</time>
      </trkpt>
      <trkpt lat="42.864937" lon="-0.283165">
        <ele>1779.895682</ele>
        <time>2026-07-04T05:17:50.000Z</time>
      </trkpt>
      <trkpt lat="42.864882" lon="-0.283273">
        <ele>1780.654809</ele>
        <time>2026-07-04T05:17:59.000Z</time>
      </trkpt>
      <trkpt lat="42.864825" lon="-0.283375">
        <ele>1781.395203</ele>
        <time>2026-07-04T05:18:09.000Z</time>
      </trkpt>
      <trkpt lat="42.864819" lon="-0.283502">
        <ele>1782.129822</ele>
        <time>2026-07-04T05:18:18.000Z</time>
      </trkpt>
      <trkpt lat="42.864759" lon="-0.283606">
        <ele>1782.893813</ele>
        <time>2026-07-04T05:18:27.999Z</time>
      </trkpt>
      <trkpt lat="42.864728" lon="-0.283724">
        <ele>1783.617390</ele>
        <time>2026-07-04T05:18:38.999Z</time>
      </trkpt>
      <trkpt lat="42.864679" lon="-0.283834">
        <ele>1784.360426</ele>
        <time>2026-07-04T05:18:49.999Z</time>
      </trkpt>
      <trkpt lat="42.864591" lon="-0.283874">
        <ele>1785.090920</ele>
        <time>2026-07-04T05:19:09.999Z</time>
      </trkpt>
      <trkpt lat="42.864604" lon="-0.283996">
        <ele>1785.802561</ele>
        <time>2026-07-04T05:19:24.999Z</time>
      </trkpt>
      <trkpt lat="42.864530" lon="-0.284076">
        <ele>1787.130382</ele>
        <time>2026-07-04T05:19:36.000Z</time>
      </trkpt>
      <trkpt lat="42.864576" lon="-0.284196">
        <ele>1789.192635</ele>
        <time>2026-07-04T05:19:56.000Z</time>
      </trkpt>
      <trkpt lat="42.864542" lon="-0.284310">
        <ele>1791.066904</ele>
        <time>2026-07-04T05:20:19.000Z</time>
      </trkpt>
      <trkpt lat="42.864466" lon="-0.284394">
        <ele>1793.099061</ele>
        <time>2026-07-04T05:20:34.999Z</time>
      </trkpt>
      <trkpt lat="42.864377" lon="-0.284427">
        <ele>1795.015254</ele>
        <time>2026-07-04T05:20:44.999Z</time>
      </trkpt>
      <trkpt lat="42.864292" lon="-0.284488">
        <ele>1797.010684</ele>
        <time>2026-07-04T05:20:57.999Z</time>
      </trkpt>
      <trkpt lat="42.864200" lon="-0.284516">
        <ele>1798.969118</ele>
        <time>2026-07-04T05:21:10.999Z</time>
      </trkpt>
      <trkpt lat="42.864203" lon="-0.284647">
        <ele>1800.965039</ele>
        <time>2026-07-04T05:21:27.999Z</time>
      </trkpt>
      <trkpt lat="42.864236" lon="-0.284773">
        <ele>1803.002660</ele>
        <time>2026-07-04T05:21:42.000Z</time>
      </trkpt>
      <trkpt lat="42.864167" lon="-0.284864">
        <ele>1804.996557</ele>
        <time>2026-07-04T05:21:54.000Z</time>
      </trkpt>
      <trkpt lat="42.864123" lon="-0.284974">
        <ele>1806.904916</ele>
        <time>2026-07-04T05:22:07.000Z</time>
      </trkpt>
      <trkpt lat="42.864064" lon="-0.285069">
        <ele>1808.801133</ele>
        <time>2026-07-04T05:22:19.000Z</time>
      </trkpt>
      <trkpt lat="42.863975" lon="-0.285040">
        <ele>1810.702260</ele>
        <time>2026-07-04T05:22:35.999Z</time>
      </trkpt>
      <trkpt lat="42.863919" lon="-0.285139">
        <ele>1812.606646</ele>
        <time>2026-07-04T05:22:49.999Z</time>
      </trkpt>
      <trkpt lat="42.863872" lon="-0.285249">
        <ele>1814.545641</ele>
        <time>2026-07-04T05:23:03.999Z</time>
      </trkpt>
      <trkpt lat="42.863860" lon="-0.285375">
        <ele>1816.480587</ele>
        <time>2026-07-04T05:23:22.999Z</time>
      </trkpt>
      <trkpt lat="42.863793" lon="-0.285458">
        <ele>1818.360856</ele>
        <time>2026-07-04T05:23:39.999Z</time>
      </trkpt>
      <trkpt lat="42.863785" lon="-0.285581">
        <ele>1820.241348</ele>
        <time>2026-07-04T05:23:52.000Z</time>
      </trkpt>
      <trkpt lat="42.863801" lon="-0.285708">
        <ele>1822.203755</ele>
        <time>2026-07-04T05:24:04.000Z</time>
      </trkpt>
      <trkpt lat="42.863730" lon="-0.285792">
        <ele>1824.229448</ele>
        <time>2026-07-04T05:24:32.999Z</time>
      </trkpt>
      <trkpt lat="42.863700" lon="-0.285665">
        <ele>1826.510403</ele>
        <time>2026-07-04T05:24:46.999Z</time>
      </trkpt>
      <trkpt lat="42.863620" lon="-0.285722">
        <ele>1828.615279</ele>
        <time>2026-07-04T05:25:10.999Z</time>
      </trkpt>
      <trkpt lat="42.863530" lon="-0.285733">
        <ele>1830.722672</ele>
        <time>2026-07-04T05:25:34.999Z</time>
      </trkpt>
      <trkpt lat="42.863438" lon="-0.285745">
        <ele>1832.878085</ele>
        <time>2026-07-04T05:26:03.000Z</time>
      </trkpt>
      <trkpt lat="42.863362" lon="-0.285675">
        <ele>1835.016676</ele>
        <time>2026-07-04T05:26:33.000Z</time>
      </trkpt>
      <trkpt lat="42.863386" lon="-0.285546">
        <ele>1837.291802</ele>
        <time>2026-07-04T05:26:49.999Z</time>
      </trkpt>
      <trkpt lat="42.863291" lon="-0.285584">
        <ele>1839.600663</ele>
        <time>2026-07-04T05:27:06.999Z</time>
      </trkpt>
      <trkpt lat="42.863200" lon="-0.285605">
        <ele>1841.753118</ele>
        <time>2026-07-04T05:27:21.999Z</time>
      </trkpt>
      <trkpt lat="42.863108" lon="-0.285608">
        <ele>1843.899361</ele>
        <time>2026-07-04T05:27:35.999Z</time>
      </trkpt>
      <trkpt lat="42.863020" lon="-0.285642">
        <ele>1846.032415</ele>
        <time>2026-07-04T05:27:50.999Z</time>
      </trkpt>
      <trkpt lat="42.862937" lon="-0.285707">
        <ele>1848.264392</ele>
        <time>2026-07-04T05:28:02.000Z</time>
      </trkpt>
      <trkpt lat="42.862871" lon="-0.285805">
        <ele>1850.539446</ele>
        <time>2026-07-04T05:28:18.000Z</time>
      </trkpt>
      <trkpt lat="42.862825" lon="-0.285912">
        <ele>1852.659979</ele>
        <time>2026-07-04T05:28:31.000Z</time>
      </trkpt>
      <trkpt lat="42.862763" lon="-0.286008">
        <ele>1854.847217</ele>
        <time>2026-07-04T05:28:44.999Z</time>
      </trkpt>
      <trkpt lat="42.862722" lon="-0.286120">
        <ele>1856.987325</ele>
        <time>2026-07-04T05:28:57.999Z</time>
      </trkpt>
      <trkpt lat="42.862644" lon="-0.286052">
        <ele>1859.146138</ele>
        <time>2026-07-04T05:29:12.999Z</time>
      </trkpt>
      <trkpt lat="42.862554" lon="-0.286007">
        <ele>1861.381650</ele>
        <time>2026-07-04T05:29:28.999Z</time>
      </trkpt>
      <trkpt lat="42.862461" lon="-0.286024">
        <ele>1863.569984</ele>
        <time>2026-07-04T05:29:46.999Z</time>
      </trkpt>
      <trkpt lat="42.862369" lon="-0.286060">
        <ele>1865.816781</ele>
        <time>2026-07-04T05:30:01.999Z</time>
      </trkpt>
      <trkpt lat="42.862181" lon="-0.286241">
        <ele>1871.449902</ele>
        <time>2026-07-04T05:35:32.999Z</time>
      </trkpt>
      <trkpt lat="42.862099" lon="-0.286304">
        <ele>1873.753803</ele>
        <time>2026-07-04T05:35:48.999Z</time>
      </trkpt>
      <trkpt lat="42.862008" lon="-0.286332">
        <ele>1876.037556</ele>
        <time>2026-07-04T05:35:59.999Z</time>
      </trkpt>
      <trkpt lat="42.861916" lon="-0.286330">
        <ele>1878.290118</ele>
        <time>2026-07-04T05:36:09.999Z</time>
      </trkpt>
      <trkpt lat="42.861830" lon="-0.286383">
        <ele>1880.600354</ele>
        <time>2026-07-04T05:36:21.000Z</time>
      </trkpt>
      <trkpt lat="42.861748" lon="-0.286433">
        <ele>1882.799203</ele>
        <time>2026-07-04T05:36:34.000Z</time>
      </trkpt>
      <trkpt lat="42.861654" lon="-0.286459">
        <ele>1885.147262</ele>
        <time>2026-07-04T05:36:47.000Z</time>
      </trkpt>
      <trkpt lat="42.861584" lon="-0.286536">
        <ele>1887.348613</ele>
        <time>2026-07-04T05:36:59.999Z</time>
      </trkpt>
      <trkpt lat="42.861489" lon="-0.286547">
        <ele>1889.682694</ele>
        <time>2026-07-04T05:37:13.999Z</time>
      </trkpt>
      <trkpt lat="42.861405" lon="-0.286605">
        <ele>1891.987504</ele>
        <time>2026-07-04T05:37:28.999Z</time>
      </trkpt>
      <trkpt lat="42.861327" lon="-0.286680">
        <ele>1894.323671</ele>
        <time>2026-07-04T05:37:44.999Z</time>
      </trkpt>
      <trkpt lat="42.861280" lon="-0.286790">
        <ele>1896.608475</ele>
        <time>2026-07-04T05:38:00.999Z</time>
      </trkpt>
      <trkpt lat="42.861213" lon="-0.286888">
        <ele>1899.013274</ele>
        <time>2026-07-04T05:38:15.999Z</time>
      </trkpt>
      <trkpt lat="42.861120" lon="-0.286884">
        <ele>1901.291162</ele>
        <time>2026-07-04T05:38:38.000Z</time>
      </trkpt>
      <trkpt lat="42.861044" lon="-0.286811">
        <ele>1903.566636</ele>
        <time>2026-07-04T05:39:02.999Z</time>
      </trkpt>
      <trkpt lat="42.860978" lon="-0.286903">
        <ele>1905.876672</ele>
        <time>2026-07-04T05:39:29.999Z</time>
      </trkpt>
      <trkpt lat="42.860896" lon="-0.286852">
        <ele>1908.082910</ele>
        <time>2026-07-04T05:39:51.999Z</time>
      </trkpt>
      <trkpt lat="42.860850" lon="-0.286963">
        <ele>1910.769722</ele>
        <time>2026-07-04T05:40:18.999Z</time>
      </trkpt>
      <trkpt lat="42.860760" lon="-0.286986">
        <ele>1914.086992</ele>
        <time>2026-07-04T05:40:49.000Z</time>
      </trkpt>
      <trkpt lat="42.860700" lon="-0.287090">
        <ele>1917.601606</ele>
        <time>2026-07-04T05:41:06.999Z</time>
      </trkpt>
      <trkpt lat="42.860620" lon="-0.287152">
        <ele>1920.934893</ele>
        <time>2026-07-04T05:41:26.999Z</time>
      </trkpt>
      <trkpt lat="42.860559" lon="-0.287047">
        <ele>1924.492807</ele>
        <time>2026-07-04T05:41:53.999Z</time>
      </trkpt>
      <trkpt lat="42.860492" lon="-0.287133">
        <ele>1927.825606</ele>
        <time>2026-07-04T05:42:13.999Z</time>
      </trkpt>
      <trkpt lat="42.860438" lon="-0.287028">
        <ele>1931.231810</ele>
        <time>2026-07-04T05:42:33.999Z</time>
      </trkpt>
      <trkpt lat="42.860402" lon="-0.286912">
        <ele>1934.577011</ele>
        <time>2026-07-04T05:42:50.000Z</time>
      </trkpt>
      <trkpt lat="42.860327" lon="-0.286828">
        <ele>1938.092519</ele>
        <time>2026-07-04T05:43:14.999Z</time>
      </trkpt>
      <trkpt lat="42.860237" lon="-0.286816">
        <ele>1941.368611</ele>
        <time>2026-07-04T05:43:45.999Z</time>
      </trkpt>
      <trkpt lat="42.860149" lon="-0.286785">
        <ele>1944.661283</ele>
        <time>2026-07-04T05:44:18.999Z</time>
      </trkpt>
      <trkpt lat="42.860141" lon="-0.286655">
        <ele>1948.125707</ele>
        <time>2026-07-04T05:44:34.999Z</time>
      </trkpt>
      <trkpt lat="42.860120" lon="-0.286525">
        <ele>1951.660825</ele>
        <time>2026-07-04T05:44:50.000Z</time>
      </trkpt>
      <trkpt lat="42.860149" lon="-0.286404">
        <ele>1955.041499</ele>
        <time>2026-07-04T05:45:04.000Z</time>
      </trkpt>
      <trkpt lat="42.860074" lon="-0.286331">
        <ele>1958.379301</ele>
        <time>2026-07-04T05:45:34.999Z</time>
      </trkpt>
      <trkpt lat="42.860029" lon="-0.286221">
        <ele>1961.724597</ele>
        <time>2026-07-04T05:46:22.999Z</time>
      </trkpt>
      <trkpt lat="42.860054" lon="-0.286094">
        <ele>1965.216712</ele>
        <time>2026-07-04T05:46:42.999Z</time>
      </trkpt>
      <trkpt lat="42.860054" lon="-0.285969">
        <ele>1968.536217</ele>
        <time>2026-07-04T05:47:00.000Z</time>
      </trkpt>
      <trkpt lat="42.859973" lon="-0.285904">
        <ele>1971.940752</ele>
        <time>2026-07-04T05:47:15.999Z</time>
      </trkpt>
      <trkpt lat="42.859879" lon="-0.285937">
        <ele>1975.202603</ele>
        <time>2026-07-04T05:47:31.999Z</time>
      </trkpt>
      <trkpt lat="42.859796" lon="-0.285989">
        <ele>1977.395590</ele>
        <time>2026-07-04T05:47:45.999Z</time>
      </trkpt>
      <trkpt lat="42.859749" lon="-0.286101">
        <ele>1979.666990</ele>
        <time>2026-07-04T05:48:03.999Z</time>
      </trkpt>
      <trkpt lat="42.859687" lon="-0.286195">
        <ele>1981.892576</ele>
        <time>2026-07-04T05:48:25.999Z</time>
      </trkpt>
      <trkpt lat="42.859687" lon="-0.286323">
        <ele>1984.145414</ele>
        <time>2026-07-04T05:48:43.999Z</time>
      </trkpt>
      <trkpt lat="42.859643" lon="-0.286430">
        <ele>1986.304739</ele>
        <time>2026-07-04T05:49:04.000Z</time>
      </trkpt>
      <trkpt lat="42.859556" lon="-0.286392">
        <ele>1988.498118</ele>
        <time>2026-07-04T05:49:20.999Z</time>
      </trkpt>
      <trkpt lat="42.859475" lon="-0.286330">
        <ele>1990.728195</ele>
        <time>2026-07-04T05:49:41.999Z</time>
      </trkpt>
      <trkpt lat="42.859385" lon="-0.286340">
        <ele>1992.896305</ele>
        <time>2026-07-04T05:50:08.999Z</time>
      </trkpt>
      <trkpt lat="42.859291" lon="-0.286319">
        <ele>1995.183366</ele>
        <time>2026-07-04T05:50:39.999Z</time>
      </trkpt>
      <trkpt lat="42.859201" lon="-0.286359">
        <ele>1997.456110</ele>
        <time>2026-07-04T05:50:59.999Z</time>
      </trkpt>
      <trkpt lat="42.859179" lon="-0.286480">
        <ele>1999.650297</ele>
        <time>2026-07-04T05:51:10.000Z</time>
      </trkpt>
      <trkpt lat="42.859121" lon="-0.286583">
        <ele>2001.936295</ele>
        <time>2026-07-04T05:51:22.000Z</time>
      </trkpt>
      <trkpt lat="42.859052" lon="-0.286663">
        <ele>2004.110538</ele>
        <time>2026-07-04T05:51:34.999Z</time>
      </trkpt>
      <trkpt lat="42.859003" lon="-0.286772">
        <ele>2006.361018</ele>
        <time>2026-07-04T05:51:48.999Z</time>
      </trkpt>
      <trkpt lat="42.858991" lon="-0.286900">
        <ele>2008.632232</ele>
        <time>2026-07-04T05:52:05.999Z</time>
      </trkpt>
      <trkpt lat="42.858962" lon="-0.287022">
        <ele>2010.889570</ele>
        <time>2026-07-04T05:52:26.999Z</time>
      </trkpt>
      <trkpt lat="42.858945" lon="-0.287143">
        <ele>2013.057995</ele>
        <time>2026-07-04T05:52:39.999Z</time>
      </trkpt>
      <trkpt lat="42.858984" lon="-0.287257">
        <ele>2015.272209</ele>
        <time>2026-07-04T05:52:53.999Z</time>
      </trkpt>
      <trkpt lat="42.858995" lon="-0.287380">
        <ele>2017.453122</ele>
        <time>2026-07-04T05:53:09.000Z</time>
      </trkpt>
      <trkpt lat="42.858969" lon="-0.287504">
        <ele>2019.870292</ele>
        <time>2026-07-04T05:53:23.000Z</time>
      </trkpt>
      <trkpt lat="42.858893" lon="-0.287575">
        <ele>2022.259429</ele>
        <time>2026-07-04T05:53:37.999Z</time>
      </trkpt>
      <trkpt lat="42.858806" lon="-0.287608">
        <ele>2024.601566</ele>
        <time>2026-07-04T05:53:52.999Z</time>
      </trkpt>
      <trkpt lat="42.858758" lon="-0.287717">
        <ele>2027.019170</ele>
        <time>2026-07-04T05:54:11.999Z</time>
      </trkpt>
      <trkpt lat="42.858672" lon="-0.287756">
        <ele>2029.369784</ele>
        <time>2026-07-04T05:54:26.999Z</time>
      </trkpt>
      <trkpt lat="42.858587" lon="-0.287811">
        <ele>2031.809873</ele>
        <time>2026-07-04T05:54:47.999Z</time>
      </trkpt>
      <trkpt lat="42.858512" lon="-0.287888">
        <ele>2034.244501</ele>
        <time>2026-07-04T05:55:05.999Z</time>
      </trkpt>
      <trkpt lat="42.858424" lon="-0.287919">
        <ele>2036.601845</ele>
        <time>2026-07-04T05:55:22.000Z</time>
      </trkpt>
      <trkpt lat="42.858330" lon="-0.287953">
        <ele>2039.124184</ele>
        <time>2026-07-04T05:55:41.999Z</time>
      </trkpt>
      <trkpt lat="42.858281" lon="-0.288059">
        <ele>2041.506823</ele>
        <time>2026-07-04T05:56:01.999Z</time>
      </trkpt>
      <trkpt lat="42.858199" lon="-0.288115">
        <ele>2043.885295</ele>
        <time>2026-07-04T05:56:15.999Z</time>
      </trkpt>
      <trkpt lat="42.858149" lon="-0.288219">
        <ele>2046.249984</ele>
        <time>2026-07-04T05:56:32.999Z</time>
      </trkpt>
      <trkpt lat="42.858092" lon="-0.288316">
        <ele>2048.613673</ele>
        <time>2026-07-04T05:56:51.999Z</time>
      </trkpt>
      <trkpt lat="42.858077" lon="-0.288440">
        <ele>2051.003172</ele>
        <time>2026-07-04T05:57:22.000Z</time>
      </trkpt>
      <trkpt lat="42.858001" lon="-0.288508">
        <ele>2053.360561</ele>
        <time>2026-07-04T05:57:41.999Z</time>
      </trkpt>
      <trkpt lat="42.858008" lon="-0.288632">
        <ele>2055.725159</ele>
        <time>2026-07-04T05:58:02.999Z</time>
      </trkpt>
      <trkpt lat="42.858076" lon="-0.288722">
        <ele>2058.182565</ele>
        <time>2026-07-04T05:58:18.999Z</time>
      </trkpt>
      <trkpt lat="42.858096" lon="-0.288848">
        <ele>2060.633725</ele>
        <time>2026-07-04T05:58:33.999Z</time>
      </trkpt>
      <trkpt lat="42.858156" lon="-0.288947">
        <ele>2063.076031</ele>
        <time>2026-07-04T05:58:51.999Z</time>
      </trkpt>
      <trkpt lat="42.858210" lon="-0.289051">
        <ele>2065.812425</ele>
        <time>2026-07-04T05:59:19.999Z</time>
      </trkpt>
      <trkpt lat="42.858171" lon="-0.289165">
        <ele>2068.985964</ele>
        <time>2026-07-04T05:59:37.000Z</time>
      </trkpt>
      <trkpt lat="42.858119" lon="-0.289268">
        <ele>2072.140858</ele>
        <time>2026-07-04T05:59:49.999Z</time>
      </trkpt>
      <trkpt lat="42.858069" lon="-0.289375">
        <ele>2075.341845</ele>
        <time>2026-07-04T06:00:03.999Z</time>
      </trkpt>
      <trkpt lat="42.858051" lon="-0.289498">
        <ele>2078.505890</ele>
        <time>2026-07-04T06:00:27.999Z</time>
      </trkpt>
      <trkpt lat="42.858007" lon="-0.289606">
        <ele>2081.622816</ele>
        <time>2026-07-04T06:00:42.999Z</time>
      </trkpt>
      <trkpt lat="42.857955" lon="-0.289710">
        <ele>2084.798523</ele>
        <time>2026-07-04T06:00:55.999Z</time>
      </trkpt>
      <trkpt lat="42.857944" lon="-0.289834">
        <ele>2087.949395</ele>
        <time>2026-07-04T06:01:20.999Z</time>
      </trkpt>
      <trkpt lat="42.857876" lon="-0.290112">
        <ele>2095.342410</ele>
        <time>2026-07-04T06:02:53.999Z</time>
      </trkpt>
      <trkpt lat="42.857810" lon="-0.290203">
        <ele>2098.571706</ele>
        <time>2026-07-04T06:03:09.999Z</time>
      </trkpt>
      <trkpt lat="42.857848" lon="-0.290316">
        <ele>2101.707915</ele>
        <time>2026-07-04T06:03:25.999Z</time>
      </trkpt>
      <trkpt lat="42.857937" lon="-0.290347">
        <ele>2104.868935</ele>
        <time>2026-07-04T06:03:44.000Z</time>
      </trkpt>
      <trkpt lat="42.858019" lon="-0.290405">
        <ele>2108.047561</ele>
        <time>2026-07-04T06:04:09.999Z</time>
      </trkpt>
      <trkpt lat="42.858089" lon="-0.290492">
        <ele>2111.306314</ele>
        <time>2026-07-04T06:04:40.999Z</time>
      </trkpt>
      <trkpt lat="42.858169" lon="-0.290549">
        <ele>2114.412240</ele>
        <time>2026-07-04T06:05:11.999Z</time>
      </trkpt>
      <trkpt lat="42.858258" lon="-0.290525">
        <ele>2117.534265</ele>
        <time>2026-07-04T06:05:33.999Z</time>
      </trkpt>
      <trkpt lat="42.858321" lon="-0.290615">
        <ele>2120.673499</ele>
        <time>2026-07-04T06:06:16.999Z</time>
      </trkpt>
      <trkpt lat="42.858410" lon="-0.290660">
        <ele>2123.939861</ele>
        <time>2026-07-04T06:06:48.999Z</time>
      </trkpt>
      <trkpt lat="42.858463" lon="-0.290759">
        <ele>2126.793696</ele>
        <time>2026-07-04T06:07:01.999Z</time>
      </trkpt>
      <trkpt lat="42.858434" lon="-0.291022">
        <ele>2130.811745</ele>
        <time>2026-07-04T06:09:33.999Z</time>
      </trkpt>
      <trkpt lat="42.858394" lon="-0.291132">
        <ele>2132.666845</ele>
        <time>2026-07-04T06:10:06.000Z</time>
      </trkpt>
      <trkpt lat="42.858318" lon="-0.291203">
        <ele>2134.565276</ele>
        <time>2026-07-04T06:10:27.999Z</time>
      </trkpt>
      <trkpt lat="42.858237" lon="-0.291258">
        <ele>2136.430038</ele>
        <time>2026-07-04T06:10:46.999Z</time>
      </trkpt>
      <trkpt lat="42.858148" lon="-0.291298">
        <ele>2138.361300</ele>
        <time>2026-07-04T06:11:09.999Z</time>
      </trkpt>
      <trkpt lat="42.858090" lon="-0.291394">
        <ele>2140.240780</ele>
        <time>2026-07-04T06:11:34.999Z</time>
      </trkpt>
      <trkpt lat="42.858025" lon="-0.291483">
        <ele>2142.138830</ele>
        <time>2026-07-04T06:11:54.999Z</time>
      </trkpt>
      <trkpt lat="42.857962" lon="-0.291572">
        <ele>2144.008015</ele>
        <time>2026-07-04T06:12:07.000Z</time>
      </trkpt>
      <trkpt lat="42.857873" lon="-0.291636">
        <ele>2146.081535</ele>
        <time>2026-07-04T06:12:22.999Z</time>
      </trkpt>
      <trkpt lat="42.857798" lon="-0.291719">
        <ele>2148.071944</ele>
        <time>2026-07-04T06:12:35.999Z</time>
      </trkpt>
      <trkpt lat="42.857722" lon="-0.291797">
        <ele>2150.032078</ele>
        <time>2026-07-04T06:12:49.999Z</time>
      </trkpt>
      <trkpt lat="42.857661" lon="-0.291890">
        <ele>2151.917469</ele>
        <time>2026-07-04T06:13:01.999Z</time>
      </trkpt>
      <trkpt lat="42.857527" lon="-0.292106">
        <ele>2156.192561</ele>
        <time>2026-07-04T06:13:41.999Z</time>
      </trkpt>
      <trkpt lat="42.857467" lon="-0.292207">
        <ele>2158.156628</ele>
        <time>2026-07-04T06:13:57.999Z</time>
      </trkpt>
      <trkpt lat="42.857403" lon="-0.292305">
        <ele>2160.139551</ele>
        <time>2026-07-04T06:14:10.000Z</time>
      </trkpt>
      <trkpt lat="42.857336" lon="-0.292398">
        <ele>2162.109561</ele>
        <time>2026-07-04T06:14:25.999Z</time>
      </trkpt>
      <trkpt lat="42.857246" lon="-0.292454">
        <ele>2163.666968</ele>
        <time>2026-07-04T06:14:48.999Z</time>
      </trkpt>
      <trkpt lat="42.857169" lon="-0.292524">
        <ele>2164.142316</ele>
        <time>2026-07-04T06:15:03.999Z</time>
      </trkpt>
      <trkpt lat="42.857106" lon="-0.292613">
        <ele>2164.608227</ele>
        <time>2026-07-04T06:15:18.999Z</time>
      </trkpt>
      <trkpt lat="42.857044" lon="-0.292707">
        <ele>2165.084409</ele>
        <time>2026-07-04T06:15:31.999Z</time>
      </trkpt>
      <trkpt lat="42.856965" lon="-0.292768">
        <ele>2165.550747</ele>
        <time>2026-07-04T06:15:43.999Z</time>
      </trkpt>
      <trkpt lat="42.856881" lon="-0.292817">
        <ele>2166.020064</ele>
        <time>2026-07-04T06:16:01.999Z</time>
      </trkpt>
      <trkpt lat="42.856812" lon="-0.292919">
        <ele>2166.542737</ele>
        <time>2026-07-04T06:16:25.999Z</time>
      </trkpt>
      <trkpt lat="42.856722" lon="-0.292951">
        <ele>2167.020527</ele>
        <time>2026-07-04T06:16:37.999Z</time>
      </trkpt>
      <trkpt lat="42.856661" lon="-0.293048">
        <ele>2167.501808</ele>
        <time>2026-07-04T06:16:48.999Z</time>
      </trkpt>
      <trkpt lat="42.856579" lon="-0.293107">
        <ele>2167.978058</ele>
        <time>2026-07-04T06:16:57.999Z</time>
      </trkpt>
      <trkpt lat="42.856491" lon="-0.293148">
        <ele>2168.455767</ele>
        <time>2026-07-04T06:17:13.999Z</time>
      </trkpt>
      <trkpt lat="42.856426" lon="-0.293237">
        <ele>2168.928875</ele>
        <time>2026-07-04T06:17:24.999Z</time>
      </trkpt>
      <trkpt lat="42.856337" lon="-0.293266">
        <ele>2169.398943</ele>
        <time>2026-07-04T06:17:36.999Z</time>
      </trkpt>
      <trkpt lat="42.856282" lon="-0.293365">
        <ele>2169.866730</ele>
        <time>2026-07-04T06:17:50.999Z</time>
      </trkpt>
      <trkpt lat="42.856296" lon="-0.293489">
        <ele>2170.339201</ele>
        <time>2026-07-04T06:18:02.998Z</time>
      </trkpt>
      <trkpt lat="42.856232" lon="-0.293587">
        <ele>2170.833463</ele>
        <time>2026-07-04T06:18:17.999Z</time>
      </trkpt>
      <trkpt lat="42.856165" lon="-0.293680">
        <ele>2171.324506</ele>
        <time>2026-07-04T06:18:31.999Z</time>
      </trkpt>
      <trkpt lat="42.856083" lon="-0.293739">
        <ele>2171.800757</ele>
        <time>2026-07-04T06:18:42.999Z</time>
      </trkpt>
      <trkpt lat="42.855993" lon="-0.293777">
        <ele>2172.284740</ele>
        <time>2026-07-04T06:18:54.999Z</time>
      </trkpt>
      <trkpt lat="42.855935" lon="-0.293880">
        <ele>2172.703785</ele>
        <time>2026-07-04T06:19:07.999Z</time>
      </trkpt>
      <trkpt lat="42.855938" lon="-0.294005">
        <ele>2171.943025</ele>
        <time>2026-07-04T06:19:23.999Z</time>
      </trkpt>
      <trkpt lat="42.855878" lon="-0.294110">
        <ele>2171.133208</ele>
        <time>2026-07-04T06:19:50.999Z</time>
      </trkpt>
      <trkpt lat="42.855811" lon="-0.294206">
        <ele>2170.326932</ele>
        <time>2026-07-04T06:20:04.998Z</time>
      </trkpt>
      <trkpt lat="42.855750" lon="-0.294310">
        <ele>2169.516745</ele>
        <time>2026-07-04T06:20:20.998Z</time>
      </trkpt>
      <trkpt lat="42.855667" lon="-0.294374">
        <ele>2168.725616</ele>
        <time>2026-07-04T06:20:40.999Z</time>
      </trkpt>
      <trkpt lat="42.855613" lon="-0.294475">
        <ele>2167.965206</ele>
        <time>2026-07-04T06:20:55.999Z</time>
      </trkpt>
      <trkpt lat="42.855561" lon="-0.294579">
        <ele>2167.199450</ele>
        <time>2026-07-04T06:21:14.999Z</time>
      </trkpt>
      <trkpt lat="42.855469" lon="-0.294611">
        <ele>2166.411629</ele>
        <time>2026-07-04T06:21:29.999Z</time>
      </trkpt>
      <trkpt lat="42.855390" lon="-0.294684">
        <ele>2165.619864</ele>
        <time>2026-07-04T06:21:41.999Z</time>
      </trkpt>
      <trkpt lat="42.855304" lon="-0.294721">
        <ele>2164.871605</ele>
        <time>2026-07-04T06:21:58.999Z</time>
      </trkpt>
      <trkpt lat="42.855091" lon="-0.294920">
        <ele>2162.729388</ele>
        <time>2026-07-04T06:23:14.999Z</time>
      </trkpt>
      <trkpt lat="42.855039" lon="-0.295027">
        <ele>2161.948484</ele>
        <time>2026-07-04T06:23:29.999Z</time>
      </trkpt>
      <trkpt lat="42.854980" lon="-0.295128">
        <ele>2161.162906</ele>
        <time>2026-07-04T06:23:43.999Z</time>
      </trkpt>
      <trkpt lat="42.854922" lon="-0.295221">
        <ele>2160.420174</ele>
        <time>2026-07-04T06:23:58.999Z</time>
      </trkpt>
      <trkpt lat="42.854843" lon="-0.295284">
        <ele>2159.660850</ele>
        <time>2026-07-04T06:24:19.998Z</time>
      </trkpt>
      <trkpt lat="42.854763" lon="-0.295342">
        <ele>2158.909096</ele>
        <time>2026-07-04T06:24:46.999Z</time>
      </trkpt>
      <trkpt lat="42.854688" lon="-0.295430">
        <ele>2158.088217</ele>
        <time>2026-07-04T06:24:59.999Z</time>
      </trkpt>
      <trkpt lat="42.854596" lon="-0.295436">
        <ele>2158.576519</ele>
        <time>2026-07-04T06:25:10.999Z</time>
      </trkpt>
      <trkpt lat="42.854522" lon="-0.295506">
        <ele>2159.707303</ele>
        <time>2026-07-04T06:25:25.999Z</time>
      </trkpt>
      <trkpt lat="42.854444" lon="-0.295588">
        <ele>2160.943873</ele>
        <time>2026-07-04T06:25:36.999Z</time>
      </trkpt>
      <trkpt lat="42.854357" lon="-0.295625">
        <ele>2162.088200</ele>
        <time>2026-07-04T06:25:45.999Z</time>
      </trkpt>
      <trkpt lat="42.854269" lon="-0.295657">
        <ele>2163.231810</ele>
        <time>2026-07-04T06:25:58.999Z</time>
      </trkpt>
      <trkpt lat="42.854183" lon="-0.295714">
        <ele>2164.432441</ele>
        <time>2026-07-04T06:26:13.998Z</time>
      </trkpt>
      <trkpt lat="42.854091" lon="-0.295737">
        <ele>2165.606931</ele>
        <time>2026-07-04T06:26:29.998Z</time>
      </trkpt>
      <trkpt lat="42.853999" lon="-0.295722">
        <ele>2166.770403</ele>
        <time>2026-07-04T06:26:44.999Z</time>
      </trkpt>
      <trkpt lat="42.853919" lon="-0.295786">
        <ele>2167.934982</ele>
        <time>2026-07-04T06:27:14.999Z</time>
      </trkpt>
      <trkpt lat="42.853835" lon="-0.295837">
        <ele>2169.089537</ele>
        <time>2026-07-04T06:27:35.999Z</time>
      </trkpt>
      <trkpt lat="42.853751" lon="-0.295896">
        <ele>2170.275947</ele>
        <time>2026-07-04T06:27:53.999Z</time>
      </trkpt>
      <trkpt lat="42.853660" lon="-0.295931">
        <ele>2171.463192</ele>
        <time>2026-07-04T06:28:16.998Z</time>
      </trkpt>
      <trkpt lat="42.853569" lon="-0.295959">
        <ele>2172.634593</ele>
        <time>2026-07-04T06:29:27.999Z</time>
      </trkpt>
      <trkpt lat="42.853494" lon="-0.296032">
        <ele>2173.791544</ele>
        <time>2026-07-04T06:30:00.999Z</time>
      </trkpt>
      <trkpt lat="42.853408" lon="-0.296076">
        <ele>2174.944912</ele>
        <time>2026-07-04T06:30:19.998Z</time>
      </trkpt>
      <trkpt lat="42.853315" lon="-0.296093">
        <ele>2176.123156</ele>
        <time>2026-07-04T06:30:34.998Z</time>
      </trkpt>
      <trkpt lat="42.853237" lon="-0.296031">
        <ele>2177.256766</ele>
        <time>2026-07-04T06:30:49.998Z</time>
      </trkpt>
      <trkpt lat="42.853151" lon="-0.296090">
        <ele>2178.465561</ele>
        <time>2026-07-04T06:31:08.999Z</time>
      </trkpt>
      <trkpt lat="42.853072" lon="-0.296156">
        <ele>2179.628839</ele>
        <time>2026-07-04T06:31:26.999Z</time>
      </trkpt>
      <trkpt lat="42.852986" lon="-0.296197">
        <ele>2180.510003</ele>
        <time>2026-07-04T06:31:41.999Z</time>
      </trkpt>
      <trkpt lat="42.852919" lon="-0.296286">
        <ele>2180.838410</ele>
        <time>2026-07-04T06:31:56.999Z</time>
      </trkpt>
      <trkpt lat="42.852855" lon="-0.296373">
        <ele>2181.155700</ele>
        <time>2026-07-04T06:32:10.999Z</time>
      </trkpt>
      <trkpt lat="42.852789" lon="-0.296466">
        <ele>2181.488921</ele>
        <time>2026-07-04T06:32:24.998Z</time>
      </trkpt>
      <trkpt lat="42.852730" lon="-0.296567">
        <ele>2181.821385</ele>
        <time>2026-07-04T06:32:40.998Z</time>
      </trkpt>
      <trkpt lat="42.852694" lon="-0.296687">
        <ele>2182.155177</ele>
        <time>2026-07-04T06:32:55.998Z</time>
      </trkpt>
      <trkpt lat="42.852684" lon="-0.296816">
        <ele>2182.489124</ele>
        <time>2026-07-04T06:33:14.999Z</time>
      </trkpt>
      <trkpt lat="42.852635" lon="-0.296921">
        <ele>2182.809554</ele>
        <time>2026-07-04T06:33:27.999Z</time>
      </trkpt>
      <trkpt lat="42.852576" lon="-0.297015">
        <ele>2183.128123</ele>
        <time>2026-07-04T06:33:40.999Z</time>
      </trkpt>
      <trkpt lat="42.852525" lon="-0.297120">
        <ele>2183.452379</ele>
        <time>2026-07-04T06:34:02.999Z</time>
      </trkpt>
      <trkpt lat="42.852486" lon="-0.297237">
        <ele>2183.783257</ele>
        <time>2026-07-04T06:34:16.999Z</time>
      </trkpt>
      <trkpt lat="42.852408" lon="-0.297308">
        <ele>2184.112550</ele>
        <time>2026-07-04T06:34:31.998Z</time>
      </trkpt>
      <trkpt lat="42.852246" lon="-0.297548">
        <ele>2184.952414</ele>
        <time>2026-07-04T06:45:23.998Z</time>
      </trkpt>
      <trkpt lat="42.852161" lon="-0.297612">
        <ele>2185.293356</ele>
        <time>2026-07-04T06:45:34.999Z</time>
      </trkpt>
      <trkpt lat="42.852070" lon="-0.297628">
        <ele>2185.615557</ele>
        <time>2026-07-04T06:45:47.999Z</time>
      </trkpt>
      <trkpt lat="42.851982" lon="-0.297651">
        <ele>2185.930201</ele>
        <time>2026-07-04T06:46:01.999Z</time>
      </trkpt>
      <trkpt lat="42.851943" lon="-0.297773">
        <ele>2186.272840</ele>
        <time>2026-07-04T06:46:14.999Z</time>
      </trkpt>
      <trkpt lat="42.851949" lon="-0.297897">
        <ele>2186.592762</ele>
        <time>2026-07-04T06:46:25.999Z</time>
      </trkpt>
      <trkpt lat="42.851955" lon="-0.298020">
        <ele>2187.308489</ele>
        <time>2026-07-04T06:46:41.999Z</time>
      </trkpt>
      <trkpt lat="42.851935" lon="-0.298140">
        <ele>2188.303892</ele>
        <time>2026-07-04T06:46:55.998Z</time>
      </trkpt>
      <trkpt lat="42.851790" lon="-0.297991">
        <ele>2190.306880</ele>
        <time>2026-07-04T06:48:25.999Z</time>
      </trkpt>
      <trkpt lat="42.851701" lon="-0.297937">
        <ele>2191.381603</ele>
        <time>2026-07-04T06:48:37.999Z</time>
      </trkpt>
      <trkpt lat="42.851652" lon="-0.297832">
        <ele>2192.388384</ele>
        <time>2026-07-04T06:48:51.999Z</time>
      </trkpt>
      <trkpt lat="42.851593" lon="-0.297736">
        <ele>2193.401658</ele>
        <time>2026-07-04T06:49:02.998Z</time>
      </trkpt>
      <trkpt lat="42.851510" lon="-0.297682">
        <ele>2194.416253</ele>
        <time>2026-07-04T06:49:15.998Z</time>
      </trkpt>
      <trkpt lat="42.851456" lon="-0.297581">
        <ele>2195.427388</ele>
        <time>2026-07-04T06:49:30.998Z</time>
      </trkpt>
      <trkpt lat="42.851421" lon="-0.297460">
        <ele>2196.479547</ele>
        <time>2026-07-04T06:49:53.999Z</time>
      </trkpt>
      <trkpt lat="42.851418" lon="-0.297335">
        <ele>2197.491177</ele>
        <time>2026-07-04T06:50:16.000Z</time>
      </trkpt>
      <trkpt lat="42.851351" lon="-0.297244">
        <ele>2198.534375</ele>
        <time>2026-07-04T06:51:11.999Z</time>
      </trkpt>
      <trkpt lat="42.851258" lon="-0.297252">
        <ele>2199.562506</ele>
        <time>2026-07-04T06:51:21.999Z</time>
      </trkpt>
      <trkpt lat="42.851163" lon="-0.297250">
        <ele>2200.610791</ele>
        <time>2026-07-04T06:51:34.999Z</time>
      </trkpt>
      <trkpt lat="42.851072" lon="-0.297265">
        <ele>2201.622122</ele>
        <time>2026-07-04T06:51:48.999Z</time>
      </trkpt>
      <trkpt lat="42.850980" lon="-0.297263">
        <ele>2202.637311</ele>
        <time>2026-07-04T06:52:08.000Z</time>
      </trkpt>
      <trkpt lat="42.850885" lon="-0.297255">
        <ele>2203.687467</ele>
        <time>2026-07-04T06:52:24.000Z</time>
      </trkpt>
      <trkpt lat="42.850810" lon="-0.297337">
        <ele>2204.747979</ele>
        <time>2026-07-04T06:52:36.000Z</time>
      </trkpt>
      <trkpt lat="42.850734" lon="-0.297403">
        <ele>2205.742029</ele>
        <time>2026-07-04T06:52:55.000Z</time>
      </trkpt>
      <trkpt lat="42.850652" lon="-0.297458">
        <ele>2206.674835</ele>
        <time>2026-07-04T06:53:13.999Z</time>
      </trkpt>
      <trkpt lat="42.850621" lon="-0.297576">
        <ele>2207.266897</ele>
        <time>2026-07-04T06:53:27.999Z</time>
      </trkpt>
      <trkpt lat="42.850560" lon="-0.297677">
        <ele>2207.884994</ele>
        <time>2026-07-04T06:53:46.999Z</time>
      </trkpt>
      <trkpt lat="42.850471" lon="-0.297720">
        <ele>2208.493307</ele>
        <time>2026-07-04T06:54:07.000Z</time>
      </trkpt>
      <trkpt lat="42.850383" lon="-0.297778">
        <ele>2209.122989</ele>
        <time>2026-07-04T06:54:24.000Z</time>
      </trkpt>
      <trkpt lat="42.850327" lon="-0.297874">
        <ele>2209.702459</ele>
        <time>2026-07-04T06:54:39.000Z</time>
      </trkpt>
      <trkpt lat="42.850255" lon="-0.297966">
        <ele>2210.338085</ele>
        <time>2026-07-04T06:54:52.000Z</time>
      </trkpt>
      <trkpt lat="42.850174" lon="-0.298031">
        <ele>2210.943563</ele>
        <time>2026-07-04T06:55:04.000Z</time>
      </trkpt>
      <trkpt lat="42.850083" lon="-0.298086">
        <ele>2211.584832</ele>
        <time>2026-07-04T06:55:14.999Z</time>
      </trkpt>
      <trkpt lat="42.849993" lon="-0.298136">
        <ele>2212.210932</ele>
        <time>2026-07-04T06:55:25.999Z</time>
      </trkpt>
      <trkpt lat="42.849914" lon="-0.298202">
        <ele>2212.807794</ele>
        <time>2026-07-04T06:55:35.999Z</time>
      </trkpt>
      <trkpt lat="42.849834" lon="-0.298266">
        <ele>2213.405325</ele>
        <time>2026-07-04T06:55:46.999Z</time>
      </trkpt>
      <trkpt lat="42.849753" lon="-0.298336">
        <ele>2214.023115</ele>
        <time>2026-07-04T06:55:58.999Z</time>
      </trkpt>
      <trkpt lat="42.849665" lon="-0.298377">
        <ele>2214.622241</ele>
        <time>2026-07-04T06:56:12.000Z</time>
      </trkpt>
      <trkpt lat="42.849581" lon="-0.298430">
        <ele>2215.218529</ele>
        <time>2026-07-04T06:56:25.000Z</time>
      </trkpt>
      <trkpt lat="42.849491" lon="-0.298459">
        <ele>2215.814337</ele>
        <time>2026-07-04T06:56:39.000Z</time>
      </trkpt>
      <trkpt lat="42.849399" lon="-0.298481">
        <ele>2216.416111</ele>
        <time>2026-07-04T06:56:51.000Z</time>
      </trkpt>
      <trkpt lat="42.849311" lon="-0.298519">
        <ele>2217.010808</ele>
        <time>2026-07-04T06:57:09.000Z</time>
      </trkpt>
      <trkpt lat="42.849275" lon="-0.298637">
        <ele>2217.614511</ele>
        <time>2026-07-04T06:57:23.999Z</time>
      </trkpt>
      <trkpt lat="42.849182" lon="-0.298629">
        <ele>2218.439502</ele>
        <time>2026-07-04T06:57:41.999Z</time>
      </trkpt>
      <trkpt lat="42.849091" lon="-0.298628">
        <ele>2221.311208</ele>
        <time>2026-07-04T06:57:59.999Z</time>
      </trkpt>
      <trkpt lat="42.849001" lon="-0.298661">
        <ele>2224.252093</ele>
        <time>2026-07-04T06:58:24.000Z</time>
      </trkpt>
      <trkpt lat="42.848921" lon="-0.298721">
        <ele>2227.133058</ele>
        <time>2026-07-04T06:58:44.000Z</time>
      </trkpt>
      <trkpt lat="42.848829" lon="-0.298758">
        <ele>2230.159796</ele>
        <time>2026-07-04T06:59:05.000Z</time>
      </trkpt>
      <trkpt lat="42.848736" lon="-0.298768">
        <ele>2233.103626</ele>
        <time>2026-07-04T06:59:23.999Z</time>
      </trkpt>
      <trkpt lat="42.848647" lon="-0.298818">
        <ele>2236.141027</ele>
        <time>2026-07-04T06:59:48.999Z</time>
      </trkpt>
      <trkpt lat="42.848565" lon="-0.298766">
        <ele>2238.994627</ele>
        <time>2026-07-04T07:00:07.999Z</time>
      </trkpt>
      <trkpt lat="42.848494" lon="-0.298844">
        <ele>2241.871478</ele>
        <time>2026-07-04T07:00:34.000Z</time>
      </trkpt>
      <trkpt lat="42.848473" lon="-0.298968">
        <ele>2244.815831</ele>
        <time>2026-07-04T07:00:54.000Z</time>
      </trkpt>
      <trkpt lat="42.848458" lon="-0.299095">
        <ele>2247.791932</ele>
        <time>2026-07-04T07:01:18.999Z</time>
      </trkpt>
      <trkpt lat="42.848366" lon="-0.299097">
        <ele>2250.695469</ele>
        <time>2026-07-04T07:01:41.999Z</time>
      </trkpt>
      <trkpt lat="42.848274" lon="-0.299109">
        <ele>2253.611883</ele>
        <time>2026-07-04T07:02:06.999Z</time>
      </trkpt>
      <trkpt lat="42.848223" lon="-0.299212">
        <ele>2256.487402</ele>
        <time>2026-07-04T07:02:27.000Z</time>
      </trkpt>
      <trkpt lat="42.848175" lon="-0.299319">
        <ele>2259.389555</ele>
        <time>2026-07-04T07:02:46.000Z</time>
      </trkpt>
      <trkpt lat="42.848113" lon="-0.299412">
        <ele>2262.297697</ele>
        <time>2026-07-04T07:03:08.000Z</time>
      </trkpt>
      <trkpt lat="42.848024" lon="-0.299449">
        <ele>2265.233757</ele>
        <time>2026-07-04T07:03:30.999Z</time>
      </trkpt>
      <trkpt lat="42.847936" lon="-0.299480">
        <ele>2268.101824</ele>
        <time>2026-07-04T07:04:00.999Z</time>
      </trkpt>
      <trkpt lat="42.847847" lon="-0.299500">
        <ele>2270.948187</ele>
        <time>2026-07-04T07:04:36.000Z</time>
      </trkpt>
      <trkpt lat="42.847758" lon="-0.299528">
        <ele>2273.830429</ele>
        <time>2026-07-04T07:05:13.000Z</time>
      </trkpt>
      <trkpt lat="42.847721" lon="-0.299641">
        <ele>2276.272422</ele>
        <time>2026-07-04T07:05:48.999Z</time>
      </trkpt>
      <trkpt lat="42.847627" lon="-0.299655">
        <ele>2278.549438</ele>
        <time>2026-07-04T07:06:37.000Z</time>
      </trkpt>
      <trkpt lat="42.847586" lon="-0.299765">
        <ele>2280.728036</ele>
        <time>2026-07-04T07:07:11.000Z</time>
      </trkpt>
      <trkpt lat="42.847522" lon="-0.299854">
        <ele>2282.928965</ele>
        <time>2026-07-04T07:07:33.999Z</time>
      </trkpt>
      <trkpt lat="42.847298" lon="-0.300045">
        <ele>2289.290295</ele>
        <time>2026-07-04T07:09:39.999Z</time>
      </trkpt>
      <trkpt lat="42.847214" lon="-0.300094">
        <ele>2291.490280</ele>
        <time>2026-07-04T07:09:53.999Z</time>
      </trkpt>
      <trkpt lat="42.847124" lon="-0.300129">
        <ele>2293.743891</ele>
        <time>2026-07-04T07:10:11.999Z</time>
      </trkpt>
      <trkpt lat="42.847036" lon="-0.300175">
        <ele>2296.013264</ele>
        <time>2026-07-04T07:10:28.999Z</time>
      </trkpt>
      <trkpt lat="42.846942" lon="-0.300167">
        <ele>2298.281228</ele>
        <time>2026-07-04T07:10:53.000Z</time>
      </trkpt>
      <trkpt lat="42.846883" lon="-0.300070">
        <ele>2300.506388</ele>
        <time>2026-07-04T07:11:11.000Z</time>
      </trkpt>
      <trkpt lat="42.846793" lon="-0.300028">
        <ele>2302.796972</ele>
        <time>2026-07-04T07:11:27.000Z</time>
      </trkpt>
      <trkpt lat="42.846694" lon="-0.300024">
        <ele>2305.181981</ele>
        <time>2026-07-04T07:11:43.999Z</time>
      </trkpt>
      <trkpt lat="42.846604" lon="-0.300013">
        <ele>2307.357905</ele>
        <time>2026-07-04T07:12:03.999Z</time>
      </trkpt>
      <trkpt lat="42.846513" lon="-0.300004">
        <ele>2309.554978</ele>
        <time>2026-07-04T07:12:18.999Z</time>
      </trkpt>
      <trkpt lat="42.846420" lon="-0.299973">
        <ele>2311.860368</ele>
        <time>2026-07-04T07:12:38.999Z</time>
      </trkpt>
      <trkpt lat="42.846329" lon="-0.299975">
        <ele>2314.051973</ele>
        <time>2026-07-04T07:12:56.000Z</time>
      </trkpt>
      <trkpt lat="42.846241" lon="-0.300002">
        <ele>2316.224006</ele>
        <time>2026-07-04T07:13:16.000Z</time>
      </trkpt>
      <trkpt lat="42.846150" lon="-0.300018">
        <ele>2318.377312</ele>
        <time>2026-07-04T07:13:35.000Z</time>
      </trkpt>
      <trkpt lat="42.846061" lon="-0.300046">
        <ele>2319.976626</ele>
        <time>2026-07-04T07:13:53.999Z</time>
      </trkpt>
      <trkpt lat="42.845979" lon="-0.299979">
        <ele>2321.650377</ele>
        <time>2026-07-04T07:14:23.999Z</time>
      </trkpt>
      <trkpt lat="42.845891" lon="-0.299945">
        <ele>2323.251891</ele>
        <time>2026-07-04T07:14:53.999Z</time>
      </trkpt>
      <trkpt lat="42.845800" lon="-0.299981">
        <ele>2324.910977</ele>
        <time>2026-07-04T07:15:29.000Z</time>
      </trkpt>
      <trkpt lat="42.845713" lon="-0.299926">
        <ele>2326.590035</ele>
        <time>2026-07-04T07:15:54.999Z</time>
      </trkpt>
      <trkpt lat="42.845627" lon="-0.299877">
        <ele>2328.222012</ele>
        <time>2026-07-04T07:16:16.999Z</time>
      </trkpt>
      <trkpt lat="42.845610" lon="-0.299746">
        <ele>2329.929950</ele>
        <time>2026-07-04T07:16:30.999Z</time>
      </trkpt>
      <trkpt lat="42.845442" lon="-0.299759">
        <ele>2332.876366</ele>
        <time>2026-07-04T07:19:18.000Z</time>
      </trkpt>
      <trkpt lat="42.845378" lon="-0.299848">
        <ele>2334.476794</ele>
        <time>2026-07-04T07:19:54.999Z</time>
      </trkpt>
      <trkpt lat="42.845195" lon="-0.299813">
        <ele>2337.712481</ele>
        <time>2026-07-04T07:23:10.999Z</time>
      </trkpt>
      <trkpt lat="42.845104" lon="-0.299832">
        <ele>2339.324456</ele>
        <time>2026-07-04T07:23:27.000Z</time>
      </trkpt>
      <trkpt lat="42.845014" lon="-0.299837">
        <ele>2340.901665</ele>
        <time>2026-07-04T07:23:39.000Z</time>
      </trkpt>
      <trkpt lat="42.844916" lon="-0.299843">
        <ele>2342.619376</ele>
        <time>2026-07-04T07:23:52.000Z</time>
      </trkpt>
      <trkpt lat="42.844828" lon="-0.299814">
        <ele>2344.204599</ele>
        <time>2026-07-04T07:24:04.999Z</time>
      </trkpt>
      <trkpt lat="42.844739" lon="-0.299859">
        <ele>2345.866632</ele>
        <time>2026-07-04T07:24:26.999Z</time>
      </trkpt>
      <trkpt lat="42.844674" lon="-0.299946">
        <ele>2347.461290</ele>
        <time>2026-07-04T07:24:42.999Z</time>
      </trkpt>
      <trkpt lat="42.844584" lon="-0.299919">
        <ele>2349.074866</ele>
        <time>2026-07-04T07:25:20.999Z</time>
      </trkpt>
      <trkpt lat="42.844524" lon="-0.299820">
        <ele>2351.368691</ele>
        <time>2026-07-04T07:25:44.000Z</time>
      </trkpt>
      <trkpt lat="42.844440" lon="-0.299761">
        <ele>2354.087921</ele>
        <time>2026-07-04T07:26:00.000Z</time>
      </trkpt>
      <trkpt lat="42.844377" lon="-0.299673">
        <ele>2356.683210</ele>
        <time>2026-07-04T07:26:30.999Z</time>
      </trkpt>
      <trkpt lat="42.844302" lon="-0.299601">
        <ele>2359.322766</ele>
        <time>2026-07-04T07:26:40.999Z</time>
      </trkpt>
      <trkpt lat="42.844230" lon="-0.299522">
        <ele>2361.982211</ele>
        <time>2026-07-04T07:26:53.999Z</time>
      </trkpt>
      <trkpt lat="42.844152" lon="-0.299449">
        <ele>2364.704711</ele>
        <time>2026-07-04T07:27:08.999Z</time>
      </trkpt>
      <trkpt lat="42.844062" lon="-0.299444">
        <ele>2367.297025</ele>
        <time>2026-07-04T07:27:27.999Z</time>
      </trkpt>
      <trkpt lat="42.844015" lon="-0.299339">
        <ele>2369.892934</ele>
        <time>2026-07-04T07:27:46.000Z</time>
      </trkpt>
      <trkpt lat="42.843935" lon="-0.299282">
        <ele>2372.490547</ele>
        <time>2026-07-04T07:28:10.000Z</time>
      </trkpt>
      <trkpt lat="42.843842" lon="-0.299297">
        <ele>2375.185703</ele>
        <time>2026-07-04T07:28:37.999Z</time>
      </trkpt>
      <trkpt lat="42.843777" lon="-0.299209">
        <ele>2377.821538</ele>
        <time>2026-07-04T07:29:02.999Z</time>
      </trkpt>
      <trkpt lat="42.843717" lon="-0.299113">
        <ele>2380.483381</ele>
        <time>2026-07-04T07:29:29.999Z</time>
      </trkpt>
      <trkpt lat="42.843638" lon="-0.299054">
        <ele>2383.075526</ele>
        <time>2026-07-04T07:30:20.999Z</time>
      </trkpt>
      <trkpt lat="42.843570" lon="-0.298974">
        <ele>2385.660033</ele>
        <time>2026-07-04T07:30:48.999Z</time>
      </trkpt>
      <trkpt lat="42.843274" lon="-0.298836">
        <ele>2394.662771</ele>
        <time>2026-07-04T07:32:13.000Z</time>
      </trkpt>
      <trkpt lat="42.843100" lon="-0.298747">
        <ele>2400.011012</ele>
        <time>2026-07-04T07:33:05.999Z</time>
      </trkpt>
      <trkpt lat="42.842833" lon="-0.298724">
        <ele>2412.686031</ele>
        <time>2026-07-04T07:35:18.999Z</time>
      </trkpt>
      <trkpt lat="42.842753" lon="-0.298783">
        <ele>2417.395794</ele>
        <time>2026-07-04T07:35:41.999Z</time>
      </trkpt>
      <trkpt lat="42.842678" lon="-0.298851">
        <ele>2422.059639</ele>
        <time>2026-07-04T07:36:16.000Z</time>
      </trkpt>
      <trkpt lat="42.842604" lon="-0.298923">
        <ele>2426.767002</ele>
        <time>2026-07-04T07:36:56.999Z</time>
      </trkpt>
      <trkpt lat="42.842547" lon="-0.299022">
        <ele>2431.546502</ele>
        <time>2026-07-04T07:37:29.999Z</time>
      </trkpt>
      <trkpt lat="42.842497" lon="-0.299126">
        <ele>2436.268620</ele>
        <time>2026-07-04T07:38:08.000Z</time>
      </trkpt>
      <trkpt lat="42.842394" lon="-0.299306">
        <ele>2444.938318</ele>
        <time>2026-07-04T07:39:28.999Z</time>
      </trkpt>
      <trkpt lat="42.842233" lon="-0.299539">
        <ele>2457.095026</ele>
        <time>2026-07-04T07:41:08.999Z</time>
      </trkpt>
      <trkpt lat="42.842005" lon="-0.299504">
        <ele>2468.976688</ele>
        <time>2026-07-04T07:42:37.999Z</time>
      </trkpt>
      <trkpt lat="42.841913" lon="-0.299498">
        <ele>2473.746402</ele>
        <time>2026-07-04T07:43:14.999Z</time>
      </trkpt>
      <trkpt lat="42.841822" lon="-0.299516">
        <ele>2478.508193</ele>
        <time>2026-07-04T07:43:40.999Z</time>
      </trkpt>
      <trkpt lat="42.841563" lon="-0.299464">
        <ele>2492.065206</ele>
        <time>2026-07-04T07:45:41.999Z</time>
      </trkpt>
      <trkpt lat="42.841480" lon="-0.299515">
        <ele>2496.998497</ele>
        <time>2026-07-04T07:46:22.999Z</time>
      </trkpt>
      <trkpt lat="42.841393" lon="-0.299550">
        <ele>2502.174304</ele>
        <time>2026-07-04T07:46:59.999Z</time>
      </trkpt>
      <trkpt lat="42.841308" lon="-0.299512">
        <ele>2507.278448</ele>
        <time>2026-07-04T07:47:23.999Z</time>
      </trkpt>
      <trkpt lat="42.841206" lon="-0.299730">
        <ele>2518.098272</ele>
        <time>2026-07-04T07:49:00.999Z</time>
      </trkpt>
      <trkpt lat="42.840923" lon="-0.299745">
        <ele>2534.258797</ele>
        <time>2026-07-04T07:51:36.999Z</time>
      </trkpt>
      <trkpt lat="42.840836" lon="-0.299706">
        <ele>2539.484425</ele>
        <time>2026-07-04T07:51:58.999Z</time>
      </trkpt>
      <trkpt lat="42.840585" lon="-0.299631">
        <ele>2554.146534</ele>
        <time>2026-07-04T07:54:21.998Z</time>
      </trkpt>
      <trkpt lat="42.840505" lon="-0.299577">
        <ele>2559.239965</ele>
        <time>2026-07-04T07:55:00.999Z</time>
      </trkpt>
      <trkpt lat="42.840373" lon="-0.299581">
        <ele>2566.773909</ele>
        <time>2026-07-04T07:55:56.999Z</time>
      </trkpt>
      <trkpt lat="42.840309" lon="-0.299811">
        <ele>2577.066797</ele>
        <time>2026-07-04T07:57:58.999Z</time>
      </trkpt>
      <trkpt lat="42.840279" lon="-0.299929">
        <ele>2582.292298</ele>
        <time>2026-07-04T07:58:27.998Z</time>
      </trkpt>
      <trkpt lat="42.840195" lon="-0.299974">
        <ele>2587.441980</ele>
        <time>2026-07-04T07:59:20.999Z</time>
      </trkpt>
      <trkpt lat="42.840106" lon="-0.299950">
        <ele>2592.618757</ele>
        <time>2026-07-04T07:59:50.999Z</time>
      </trkpt>
      <trkpt lat="42.840029" lon="-0.300034">
        <ele>2597.169156</ele>
        <time>2026-07-04T08:00:56.998Z</time>
      </trkpt>
      <trkpt lat="42.839808" lon="-0.300187">
        <ele>2595.821188</ele>
        <time>2026-07-04T08:03:47.999Z</time>
      </trkpt>
      <trkpt lat="42.839729" lon="-0.300253">
        <ele>2595.317316</ele>
        <time>2026-07-04T08:04:48.998Z</time>
      </trkpt>
      <trkpt lat="42.839570" lon="-0.300643">
        <ele>2593.537751</ele>
        <time>2026-07-04T08:09:57.999Z</time>
      </trkpt>
      <trkpt lat="42.839383" lon="-0.300633">
        <ele>2592.519922</ele>
        <time>2026-07-04T08:19:18.998Z</time>
      </trkpt>
      <trkpt lat="42.839293" lon="-0.300592">
        <ele>2592.003847</ele>
        <time>2026-07-04T08:20:05.999Z</time>
      </trkpt>
      <trkpt lat="42.839211" lon="-0.300528">
        <ele>2591.489998</ele>
        <time>2026-07-04T08:20:35.999Z</time>
      </trkpt>
      <trkpt lat="42.839133" lon="-0.300464">
        <ele>2590.994913</ele>
        <time>2026-07-04T08:21:34.998Z</time>
      </trkpt>
      <trkpt lat="42.839039" lon="-0.300447">
        <ele>2590.479194</ele>
        <time>2026-07-04T08:22:15.999Z</time>
      </trkpt>
      <trkpt lat="42.838977" lon="-0.300356">
        <ele>2589.983804</ele>
        <time>2026-07-04T08:23:07.998Z</time>
      </trkpt>
      <trkpt lat="42.838989" lon="-0.300232">
        <ele>2589.484996</ele>
        <time>2026-07-04T08:23:23.998Z</time>
      </trkpt>
      <trkpt lat="42.838945" lon="-0.300122">
        <ele>2588.985284</ele>
        <time>2026-07-04T08:23:40.998Z</time>
      </trkpt>
      <trkpt lat="42.838898" lon="-0.300014">
        <ele>2588.484430</ele>
        <time>2026-07-04T08:23:56.998Z</time>
      </trkpt>
      <trkpt lat="42.838837" lon="-0.299918">
        <ele>2587.977829</ele>
        <time>2026-07-04T08:24:11.999Z</time>
      </trkpt>
      <trkpt lat="42.838760" lon="-0.299842">
        <ele>2587.575476</ele>
        <time>2026-07-04T08:24:33.999Z</time>
      </trkpt>
      <trkpt lat="42.838674" lon="-0.299800">
        <ele>2589.990923</ele>
        <time>2026-07-04T08:24:53.999Z</time>
      </trkpt>
      <trkpt lat="42.838614" lon="-0.299693">
        <ele>2592.602684</ele>
        <time>2026-07-04T08:25:16.998Z</time>
      </trkpt>
      <trkpt lat="42.838433" lon="-0.299878">
        <ele>2598.583737</ele>
        <time>2026-07-04T08:27:19.998Z</time>
      </trkpt>
      <trkpt lat="42.838353" lon="-0.299806">
        <ele>2601.118248</ele>
        <time>2026-07-04T08:27:35.999Z</time>
      </trkpt>
      <trkpt lat="42.838256" lon="-0.299772">
        <ele>2603.766509</ele>
        <time>2026-07-04T08:27:53.999Z</time>
      </trkpt>
      <trkpt lat="42.838243" lon="-0.299648">
        <ele>2606.195250</ele>
        <time>2026-07-04T08:28:37.000Z</time>
      </trkpt>
      <trkpt lat="42.838246" lon="-0.299524">
        <ele>2608.600850</ele>
        <time>2026-07-04T08:28:56.000Z</time>
      </trkpt>
      <trkpt lat="42.838251" lon="-0.299398">
        <ele>2611.047496</ele>
        <time>2026-07-04T08:29:18.000Z</time>
      </trkpt>
      <trkpt lat="42.838255" lon="-0.299270">
        <ele>2613.531598</ele>
        <time>2026-07-04T08:29:43.999Z</time>
      </trkpt>
      <trkpt lat="42.838228" lon="-0.299151">
        <ele>2615.946873</ele>
        <time>2026-07-04T08:30:26.999Z</time>
      </trkpt>
      <trkpt lat="42.838186" lon="-0.299042">
        <ele>2618.334350</ele>
        <time>2026-07-04T08:30:53.000Z</time>
      </trkpt>
      <trkpt lat="42.838206" lon="-0.298918">
        <ele>2620.796119</ele>
        <time>2026-07-04T08:31:27.000Z</time>
      </trkpt>
      <trkpt lat="42.838215" lon="-0.298793">
        <ele>2623.231458</ele>
        <time>2026-07-04T08:32:04.999Z</time>
      </trkpt>
      <trkpt lat="42.838249" lon="-0.298551">
        <ele>2628.009057</ele>
        <time>2026-07-04T08:33:16.000Z</time>
      </trkpt>
      <trkpt lat="42.838204" lon="-0.298444">
        <ele>2630.400736</ele>
        <time>2026-07-04T08:33:51.999Z</time>
      </trkpt>
      <trkpt lat="42.838230" lon="-0.298326">
        <ele>2632.789752</ele>
        <time>2026-07-04T08:34:32.999Z</time>
      </trkpt>
      <trkpt lat="42.838172" lon="-0.298229">
        <ele>2635.369436</ele>
        <time>2026-07-04T08:35:01.000Z</time>
      </trkpt>
      <trkpt lat="42.838090" lon="-0.298054">
        <ele>2642.893585</ele>
        <time>2026-07-04T08:36:05.999Z</time>
      </trkpt>
      <trkpt lat="42.838156" lon="-0.297842">
        <ele>2651.237883</ele>
        <time>2026-07-04T08:37:25.000Z</time>
      </trkpt>
      <trkpt lat="42.838238" lon="-0.297792">
        <ele>2655.675886</ele>
        <time>2026-07-04T08:37:59.999Z</time>
      </trkpt>
      <trkpt lat="42.838055" lon="-0.297469">
        <ele>2670.464208</ele>
        <time>2026-07-04T08:40:40.999Z</time>
      </trkpt>
      <trkpt lat="42.838004" lon="-0.297366">
        <ele>2674.966974</ele>
        <time>2026-07-04T08:41:03.000Z</time>
      </trkpt>
      <trkpt lat="42.837918" lon="-0.297330">
        <ele>2679.411743</ele>
        <time>2026-07-04T08:41:21.000Z</time>
      </trkpt>
      <trkpt lat="42.837861" lon="-0.297231">
        <ele>2683.972033</ele>
        <time>2026-07-04T08:42:03.999Z</time>
      </trkpt>
      <trkpt lat="42.837774" lon="-0.297183">
        <ele>2688.608995</ele>
        <time>2026-07-04T08:42:30.999Z</time>
      </trkpt>
      <trkpt lat="42.837810" lon="-0.297066">
        <ele>2693.205968</ele>
        <time>2026-07-04T08:43:01.999Z</time>
      </trkpt>
      <trkpt lat="42.837731" lon="-0.297006">
        <ele>2697.673709</ele>
        <time>2026-07-04T08:43:28.000Z</time>
      </trkpt>
      <trkpt lat="42.837660" lon="-0.296929">
        <ele>2702.155720</ele>
        <time>2026-07-04T08:45:02.999Z</time>
      </trkpt>
      <trkpt lat="42.837720" lon="-0.296821">
        <ele>2707.064751</ele>
        <time>2026-07-04T08:49:21.000Z</time>
      </trkpt>
      <trkpt lat="42.837767" lon="-0.296701">
        <ele>2711.993670</ele>
        <time>2026-07-04T08:49:54.000Z</time>
      </trkpt>
      <trkpt lat="42.837738" lon="-0.296583">
        <ele>2716.502541</ele>
        <time>2026-07-04T08:50:31.999Z</time>
      </trkpt>
      <trkpt lat="42.837721" lon="-0.296462">
        <ele>2720.966122</ele>
        <time>2026-07-04T08:50:53.999Z</time>
      </trkpt>
      <trkpt lat="42.837812" lon="-0.296428">
        <ele>2726.275750</ele>
        <time>2026-07-04T08:51:36.000Z</time>
      </trkpt>
      <trkpt lat="42.837903" lon="-0.296470">
        <ele>2732.810284</ele>
        <time>2026-07-04T08:52:17.999Z</time>
      </trkpt>
      <trkpt lat="42.837951" lon="-0.296364">
        <ele>2739.024037</ele>
        <time>2026-07-04T08:54:37.999Z</time>
      </trkpt>
      <trkpt lat="42.838026" lon="-0.296292">
        <ele>2745.262622</ele>
        <time>2026-07-04T08:54:57.999Z</time>
      </trkpt>
      <trkpt lat="42.838099" lon="-0.296216">
        <ele>2751.509474</ele>
        <time>2026-07-04T08:55:53.000Z</time>
      </trkpt>
      <trkpt lat="42.838146" lon="-0.296108">
        <ele>2757.773318</ele>
        <time>2026-07-04T08:56:32.999Z</time>
      </trkpt>
      <trkpt lat="42.838282" lon="-0.295700">
        <ele>2780.126682</ele>
        <time>2026-07-04T09:01:06.999Z</time>
      </trkpt>
      <trkpt lat="42.838343" lon="-0.295607">
        <ele>2786.350074</ele>
        <time>2026-07-04T09:02:20.999Z</time>
      </trkpt>
      <trkpt lat="42.838568" lon="-0.295507">
        <ele>2802.446402</ele>
        <time>2026-07-04T09:03:58.999Z</time>
      </trkpt>
      <trkpt lat="42.838639" lon="-0.295430">
        <ele>2808.616579</ele>
        <time>2026-07-04T09:04:33.999Z</time>
      </trkpt>
      <trkpt lat="42.838662" lon="-0.295199">
        <ele>2820.243623</ele>
        <time>2026-07-04T09:06:49.999Z</time>
      </trkpt>
      <trkpt lat="42.838678" lon="-0.295077">
        <ele>2826.425029</ele>
        <time>2026-07-04T09:07:40.999Z</time>
      </trkpt>
      <trkpt lat="42.838640" lon="-0.294966">
        <ele>2832.534884</ele>
        <time>2026-07-04T09:08:19.000Z</time>
      </trkpt>
      <trkpt lat="42.838697" lon="-0.294779">
        <ele>2842.635390</ele>
        <time>2026-07-04T09:09:58.999Z</time>
      </trkpt>
      <trkpt lat="42.838778" lon="-0.294723">
        <ele>2848.097969</ele>
        <time>2026-07-04T09:10:16.999Z</time>
      </trkpt>
      <trkpt lat="42.838829" lon="-0.294612">
        <ele>2852.810603</ele>
        <time>2026-07-04T09:10:37.000Z</time>
      </trkpt>
      <trkpt lat="42.838710" lon="-0.294364">
        <ele>2863.473470</ele>
        <time>2026-07-04T09:13:06.999Z</time>
      </trkpt>
      <trkpt lat="42.838693" lon="-0.294024">
        <ele>2875.734079</ele>
        <time>2026-07-04T09:15:27.999Z</time>
      </trkpt>
      <trkpt lat="42.838681" lon="-0.293889">
        <ele>2880.626541</ele>
        <time>2026-07-04T09:15:52.999Z</time>
      </trkpt>
      <trkpt lat="42.838729" lon="-0.293783">
        <ele>2885.108688</ele>
        <time>2026-07-04T09:16:07.999Z</time>
      </trkpt>
      <trkpt lat="42.838785" lon="-0.293687">
        <ele>2889.522063</ele>
        <time>2026-07-04T09:17:03.999Z</time>
      </trkpt>
      <trkpt lat="42.838840" lon="-0.293573">
        <ele>2894.431571</ele>
        <time>2026-07-04T09:17:54.999Z</time>
      </trkpt>
      <trkpt lat="42.838824" lon="-0.293446">
        <ele>2899.067598</ele>
        <time>2026-07-04T09:18:20.999Z</time>
      </trkpt>
      <trkpt lat="42.838751" lon="-0.293359">
        <ele>2903.824193</ele>
        <time>2026-07-04T09:18:38.998Z</time>
      </trkpt>
      <trkpt lat="42.838767" lon="-0.293231">
        <ele>2908.495686</ele>
        <time>2026-07-04T09:19:07.999Z</time>
      </trkpt>
      <trkpt lat="42.838841" lon="-0.293147">
        <ele>2913.219567</ele>
        <time>2026-07-04T09:19:41.999Z</time>
      </trkpt>
      <trkpt lat="42.838943" lon="-0.292837">
        <ele>2925.443781</ele>
        <time>2026-07-04T09:21:35.999Z</time>
      </trkpt>
      <trkpt lat="42.838949" lon="-0.292714">
        <ele>2929.878725</ele>
        <time>2026-07-04T09:22:47.998Z</time>
      </trkpt>
      <trkpt lat="42.838959" lon="-0.292588">
        <ele>2934.438292</ele>
        <time>2026-07-04T09:24:13.999Z</time>
      </trkpt>
      <trkpt lat="42.839063" lon="-0.292281">
        <ele>2950.997175</ele>
        <time>2026-07-04T09:26:39.999Z</time>
      </trkpt>
      <trkpt lat="42.839111" lon="-0.292175">
        <ele>2957.105231</ele>
        <time>2026-07-04T09:27:08.999Z</time>
      </trkpt>
      <trkpt lat="42.839124" lon="-0.292051">
        <ele>2963.246492</ele>
        <time>2026-07-04T09:27:46.999Z</time>
      </trkpt>
      <trkpt lat="42.839210" lon="-0.291999">
        <ele>2969.536469</ele>
        <time>2026-07-04T09:29:08.998Z</time>
      </trkpt>
      <trkpt lat="42.839343" lon="-0.291853">
        <ele>2980.952111</ele>
        <time>2026-07-04T09:33:09.998Z</time>
      </trkpt>
      <trkpt lat="42.839427" lon="-0.291807">
        <ele>2987.004416</ele>
        <time>2026-07-04T09:33:55.999Z</time>
      </trkpt>
      <trkpt lat="42.839478" lon="-0.291702">
        <ele>2993.179252</ele>
        <time>2026-07-04T09:34:44.999Z</time>
      </trkpt>
      <trkpt lat="42.839520" lon="-0.291585">
        <ele>2999.565967</ele>
        <time>2026-07-04T09:35:38.999Z</time>
      </trkpt>
      <trkpt lat="42.839588" lon="-0.291282">
        <ele>3015.101463</ele>
        <time>2026-07-04T09:40:27.999Z</time>
      </trkpt>
      <trkpt lat="42.839582" lon="-0.291157">
        <ele>3021.242999</ele>
        <time>2026-07-04T09:41:13.999Z</time>
      </trkpt>
      <trkpt lat="42.839648" lon="-0.291071">
        <ele>3027.346384</ele>
        <time>2026-07-04T09:41:39.998Z</time>
      </trkpt>
      <trkpt lat="42.839669" lon="-0.290857">
        <ele>3037.931763</ele>
        <time>2026-07-04T09:43:04.999Z</time>
      </trkpt>
      <trkpt lat="42.839719" lon="-0.290751">
        <ele>3044.111086</ele>
        <time>2026-07-04T09:44:04.999Z</time>
      </trkpt>
      <trkpt lat="42.839629" lon="-0.290629">
        <ele>3052.595644</ele>
        <time>2026-07-04T09:49:33.998Z</time>
      </trkpt>
      <trkpt lat="42.839545" lon="-0.290585">
        <ele>3055.668217</ele>
        <time>2026-07-04T09:50:06.998Z</time>
      </trkpt>
      <trkpt lat="42.839498" lon="-0.290692">
        <ele>3057.112266</ele>
        <time>2026-07-04T09:50:51.999Z</time>
      </trkpt>
      <trkpt lat="42.839425" lon="-0.290773">
        <ele>3058.598166</ele>
        <time>2026-07-04T09:51:07.999Z</time>
      </trkpt>
      <trkpt lat="42.839330" lon="-0.290657">
        <ele>3060.611490</ele>
        <time>2026-07-04T09:54:56.999Z</time>
      </trkpt>
      <trkpt lat="42.839284" lon="-0.290545">
        <ele>3062.097718</ele>
        <time>2026-07-04T09:55:46.998Z</time>
      </trkpt>
      <trkpt lat="42.839291" lon="-0.290415">
        <ele>3063.606845</ele>
        <time>2026-07-04T09:56:49.999Z</time>
      </trkpt>
      <trkpt lat="42.839430" lon="-0.290248">
        <ele>3066.531695</ele>
        <time>2026-07-04T09:58:35.999Z</time>
      </trkpt>
      <trkpt lat="42.839313" lon="-0.290151">
        <ele>3068.693574</ele>
        <time>2026-07-04T10:00:23.998Z</time>
      </trkpt>
      <trkpt lat="42.839226" lon="-0.290196">
        <ele>3070.162696</ele>
        <time>2026-07-04T10:00:42.999Z</time>
      </trkpt>
      <trkpt lat="42.839145" lon="-0.290249">
        <ele>3071.581188</ele>
        <time>2026-07-04T10:01:09.999Z</time>
      </trkpt>
      <trkpt lat="42.839231" lon="-0.290194">
        <ele>3073.080931</ele>
        <time>2026-07-04T10:11:15.000Z</time>
      </trkpt>
      <trkpt lat="42.839316" lon="-0.290139">
        <ele>3074.566394</ele>
        <time>2026-07-04T10:11:35.000Z</time>
      </trkpt>
      <trkpt lat="42.839410" lon="-0.290139">
        <ele>3076.050558</ele>
        <time>2026-07-04T10:11:55.000Z</time>
      </trkpt>
      <trkpt lat="42.839375" lon="-0.290258">
        <ele>3077.534974</ele>
        <time>2026-07-04T10:13:00.999Z</time>
      </trkpt>
      <trkpt lat="42.839318" lon="-0.290374">
        <ele>3079.151627</ele>
        <time>2026-07-04T10:13:31.000Z</time>
      </trkpt>
      <trkpt lat="42.839267" lon="-0.290483">
        <ele>3080.648596</ele>
        <time>2026-07-04T10:14:09.000Z</time>
      </trkpt>
      <trkpt lat="42.839274" lon="-0.290605">
        <ele>3082.065367</ele>
        <time>2026-07-04T10:15:41.000Z</time>
      </trkpt>
      <trkpt lat="42.839330" lon="-0.290777">
        <ele>3078.903023</ele>
        <time>2026-07-04T10:18:55.999Z</time>
      </trkpt>
      <trkpt lat="42.839419" lon="-0.290737">
        <ele>3073.114462</ele>
        <time>2026-07-04T10:19:08.999Z</time>
      </trkpt>
      <trkpt lat="42.839501" lon="-0.290676">
        <ele>3067.344586</ele>
        <time>2026-07-04T10:19:21.999Z</time>
      </trkpt>
      <trkpt lat="42.839565" lon="-0.290589">
        <ele>3061.762625</ele>
        <time>2026-07-04T10:20:05.000Z</time>
      </trkpt>
      <trkpt lat="42.839660" lon="-0.290547">
        <ele>3055.593630</ele>
        <time>2026-07-04T10:20:54.999Z</time>
      </trkpt>
      <trkpt lat="42.839734" lon="-0.290621">
        <ele>3049.925303</ele>
        <time>2026-07-04T10:21:43.000Z</time>
      </trkpt>
      <trkpt lat="42.839761" lon="-0.290739">
        <ele>3044.326330</ele>
        <time>2026-07-04T10:22:34.999Z</time>
      </trkpt>
      <trkpt lat="42.839728" lon="-0.290857">
        <ele>3038.605999</ele>
        <time>2026-07-04T10:23:24.999Z</time>
      </trkpt>
      <trkpt lat="42.839588" lon="-0.290955">
        <ele>3028.885239</ele>
        <time>2026-07-04T10:25:35.999Z</time>
      </trkpt>
      <trkpt lat="42.839601" lon="-0.291087">
        <ele>3022.852618</ele>
        <time>2026-07-04T10:26:10.000Z</time>
      </trkpt>
      <trkpt lat="42.839543" lon="-0.291183">
        <ele>3017.218423</ele>
        <time>2026-07-04T10:26:47.999Z</time>
      </trkpt>
      <trkpt lat="42.839549" lon="-0.291312">
        <ele>3011.363626</ele>
        <time>2026-07-04T10:27:12.999Z</time>
      </trkpt>
      <trkpt lat="42.839565" lon="-0.291433">
        <ele>3005.794529</ele>
        <time>2026-07-04T10:27:35.999Z</time>
      </trkpt>
      <trkpt lat="42.839538" lon="-0.291551">
        <ele>3000.195540</ele>
        <time>2026-07-04T10:29:27.999Z</time>
      </trkpt>
      <trkpt lat="42.839479" lon="-0.291660">
        <ele>2994.058908</ele>
        <time>2026-07-04T10:30:06.000Z</time>
      </trkpt>
      <trkpt lat="42.839458" lon="-0.291781">
        <ele>2988.426782</ele>
        <time>2026-07-04T10:30:50.999Z</time>
      </trkpt>
      <trkpt lat="42.839282" lon="-0.291960">
        <ele>2974.864536</ele>
        <time>2026-07-04T10:32:54.999Z</time>
      </trkpt>
      <trkpt lat="42.839238" lon="-0.292069">
        <ele>2969.466596</ele>
        <time>2026-07-04T10:33:46.999Z</time>
      </trkpt>
      <trkpt lat="42.839168" lon="-0.292147">
        <ele>2964.353455</ele>
        <time>2026-07-04T10:35:05.999Z</time>
      </trkpt>
      <trkpt lat="42.839079" lon="-0.292286">
        <ele>2956.699565</ele>
        <time>2026-07-04T10:36:30.000Z</time>
      </trkpt>
      <trkpt lat="42.839023" lon="-0.292387">
        <ele>2951.447625</ele>
        <time>2026-07-04T10:36:59.999Z</time>
      </trkpt>
      <trkpt lat="42.838961" lon="-0.292479">
        <ele>2946.264965</ele>
        <time>2026-07-04T10:37:31.999Z</time>
      </trkpt>
      <trkpt lat="42.838917" lon="-0.292590">
        <ele>2941.031362</ele>
        <time>2026-07-04T10:37:55.999Z</time>
      </trkpt>
      <trkpt lat="42.838847" lon="-0.292670">
        <ele>2935.865324</ele>
        <time>2026-07-04T10:38:20.999Z</time>
      </trkpt>
      <trkpt lat="42.838831" lon="-0.292793">
        <ele>2930.683997</ele>
        <time>2026-07-04T10:39:08.999Z</time>
      </trkpt>
      <trkpt lat="42.838805" lon="-0.292925">
        <ele>2925.014943</ele>
        <time>2026-07-04T10:39:53.999Z</time>
      </trkpt>
      <trkpt lat="42.838872" lon="-0.293010">
        <ele>2919.838821</ele>
        <time>2026-07-04T10:40:53.999Z</time>
      </trkpt>
      <trkpt lat="42.838808" lon="-0.293098">
        <ele>2914.698036</ele>
        <time>2026-07-04T10:42:03.999Z</time>
      </trkpt>
      <trkpt lat="42.838782" lon="-0.293218">
        <ele>2909.508059</ele>
        <time>2026-07-04T10:42:42.000Z</time>
      </trkpt>
      <trkpt lat="42.838749" lon="-0.293512">
        <ele>2897.171761</ele>
        <time>2026-07-04T10:44:39.998Z</time>
      </trkpt>
      <trkpt lat="42.838765" lon="-0.293633">
        <ele>2892.072086</ele>
        <time>2026-07-04T10:45:21.999Z</time>
      </trkpt>
      <trkpt lat="42.838737" lon="-0.293751">
        <ele>2886.927908</ele>
        <time>2026-07-04T10:45:58.999Z</time>
      </trkpt>
      <trkpt lat="42.838697" lon="-0.293871">
        <ele>2881.460522</ele>
        <time>2026-07-04T10:46:36.999Z</time>
      </trkpt>
      <trkpt lat="42.838686" lon="-0.293995">
        <ele>2876.279859</ele>
        <time>2026-07-04T10:47:04.000Z</time>
      </trkpt>
      <trkpt lat="42.838670" lon="-0.294120">
        <ele>2871.016820</ele>
        <time>2026-07-04T10:47:28.999Z</time>
      </trkpt>
      <trkpt lat="42.838674" lon="-0.294243">
        <ele>2866.268061</ele>
        <time>2026-07-04T10:47:54.999Z</time>
      </trkpt>
      <trkpt lat="42.838786" lon="-0.294417">
        <ele>2857.445862</ele>
        <time>2026-07-04T10:49:58.999Z</time>
      </trkpt>
      <trkpt lat="42.838830" lon="-0.294531">
        <ele>2852.536998</ele>
        <time>2026-07-04T10:50:25.999Z</time>
      </trkpt>
      <trkpt lat="42.838792" lon="-0.294647">
        <ele>2847.695896</ele>
        <time>2026-07-04T10:50:47.999Z</time>
      </trkpt>
      <trkpt lat="42.838727" lon="-0.294735">
        <ele>2842.936430</ele>
        <time>2026-07-04T10:51:10.000Z</time>
      </trkpt>
      <trkpt lat="42.838730" lon="-0.294859">
        <ele>2838.208951</ele>
        <time>2026-07-04T10:51:55.999Z</time>
      </trkpt>
      <trkpt lat="42.838712" lon="-0.294979">
        <ele>2833.541769</ele>
        <time>2026-07-04T10:52:35.999Z</time>
      </trkpt>
      <trkpt lat="42.838692" lon="-0.295100">
        <ele>2828.815487</ele>
        <time>2026-07-04T10:53:20.999Z</time>
      </trkpt>
      <trkpt lat="42.838719" lon="-0.295221">
        <ele>2823.996137</ele>
        <time>2026-07-04T10:53:46.999Z</time>
      </trkpt>
      <trkpt lat="42.838671" lon="-0.295329">
        <ele>2819.183989</ele>
        <time>2026-07-04T10:54:33.999Z</time>
      </trkpt>
      <trkpt lat="42.838614" lon="-0.295425">
        <ele>2814.477155</ele>
        <time>2026-07-04T10:55:17.999Z</time>
      </trkpt>
      <trkpt lat="42.838559" lon="-0.295527">
        <ele>2809.652807</ele>
        <time>2026-07-04T10:55:47.999Z</time>
      </trkpt>
      <trkpt lat="42.838434" lon="-0.295648">
        <ele>2801.687242</ele>
        <time>2026-07-04T10:57:12.998Z</time>
      </trkpt>
      <trkpt lat="42.838411" lon="-0.295771">
        <ele>2796.850423</ele>
        <time>2026-07-04T10:57:46.999Z</time>
      </trkpt>
      <trkpt lat="42.838398" lon="-0.295896">
        <ele>2792.039719</ele>
        <time>2026-07-04T10:58:39.999Z</time>
      </trkpt>
      <trkpt lat="42.838345" lon="-0.295995">
        <ele>2787.368997</ele>
        <time>2026-07-04T10:59:12.998Z</time>
      </trkpt>
      <trkpt lat="42.838378" lon="-0.296112">
        <ele>2782.592362</ele>
        <time>2026-07-04T10:59:50.999Z</time>
      </trkpt>
      <trkpt lat="42.838330" lon="-0.296217">
        <ele>2777.877580</ele>
        <time>2026-07-04T11:00:44.999Z</time>
      </trkpt>
      <trkpt lat="42.838246" lon="-0.296271">
        <ele>2772.484018</ele>
        <time>2026-07-04T11:01:33.999Z</time>
      </trkpt>
      <trkpt lat="42.838154" lon="-0.296229">
        <ele>2766.687934</ele>
        <time>2026-07-04T11:02:16.999Z</time>
      </trkpt>
      <trkpt lat="42.838066" lon="-0.296204">
        <ele>2761.317745</ele>
        <time>2026-07-04T11:02:33.999Z</time>
      </trkpt>
      <trkpt lat="42.838055" lon="-0.296327">
        <ele>2755.889463</ele>
        <time>2026-07-04T11:03:16.998Z</time>
      </trkpt>
      <trkpt lat="42.837998" lon="-0.296424">
        <ele>2750.443989</ele>
        <time>2026-07-04T11:04:19.999Z</time>
      </trkpt>
      <trkpt lat="42.837957" lon="-0.296540">
        <ele>2744.802757</ele>
        <time>2026-07-04T11:05:53.999Z</time>
      </trkpt>
      <trkpt lat="42.837765" lon="-0.296585">
        <ele>2733.164058</ele>
        <time>2026-07-04T11:27:24.999Z</time>
      </trkpt>
      <trkpt lat="42.837742" lon="-0.296708">
        <ele>2727.603236</ele>
        <time>2026-07-04T11:28:15.998Z</time>
      </trkpt>
      <trkpt lat="42.837688" lon="-0.296608">
        <ele>2722.162734</ele>
        <time>2026-07-04T11:29:05.999Z</time>
      </trkpt>
      <trkpt lat="42.837630" lon="-0.296702">
        <ele>2716.780896</ele>
        <time>2026-07-04T11:29:59.999Z</time>
      </trkpt>
      <trkpt lat="42.837553" lon="-0.296768">
        <ele>2711.347546</ele>
        <time>2026-07-04T11:31:07.999Z</time>
      </trkpt>
      <trkpt lat="42.837465" lon="-0.296799">
        <ele>2705.917648</ele>
        <time>2026-07-04T11:32:23.998Z</time>
      </trkpt>
      <trkpt lat="42.837499" lon="-0.296918">
        <ele>2700.322729</ele>
        <time>2026-07-04T11:32:34.998Z</time>
      </trkpt>
      <trkpt lat="42.837541" lon="-0.297030">
        <ele>2694.811845</ele>
        <time>2026-07-04T11:32:51.998Z</time>
      </trkpt>
      <trkpt lat="42.837597" lon="-0.297128">
        <ele>2689.369017</ele>
        <time>2026-07-04T11:33:07.999Z</time>
      </trkpt>
      <trkpt lat="42.837666" lon="-0.297216">
        <ele>2683.725029</ele>
        <time>2026-07-04T11:33:34.999Z</time>
      </trkpt>
      <trkpt lat="42.837721" lon="-0.297330">
        <ele>2677.746914</ele>
        <time>2026-07-04T11:34:22.998Z</time>
      </trkpt>
      <trkpt lat="42.837693" lon="-0.297448">
        <ele>2672.313650</ele>
        <time>2026-07-04T11:35:10.999Z</time>
      </trkpt>
      <trkpt lat="42.837662" lon="-0.297564">
        <ele>2667.780071</ele>
        <time>2026-07-04T11:35:47.999Z</time>
      </trkpt>
      <trkpt lat="42.837739" lon="-0.297630">
        <ele>2664.259508</ele>
        <time>2026-07-04T11:36:11.999Z</time>
      </trkpt>
      <trkpt lat="42.837812" lon="-0.297704">
        <ele>2660.738473</ele>
        <time>2026-07-04T11:36:35.998Z</time>
      </trkpt>
      <trkpt lat="42.837891" lon="-0.297770">
        <ele>2657.152128</ele>
        <time>2026-07-04T11:36:56.998Z</time>
      </trkpt>
      <trkpt lat="42.837916" lon="-0.297895">
        <ele>2653.474329</ele>
        <time>2026-07-04T11:37:33.999Z</time>
      </trkpt>
      <trkpt lat="42.838000" lon="-0.297942">
        <ele>2649.959615</ele>
        <time>2026-07-04T11:38:40.998Z</time>
      </trkpt>
      <trkpt lat="42.838023" lon="-0.298152">
        <ele>2643.932542</ele>
        <time>2026-07-04T11:39:50.999Z</time>
      </trkpt>
      <trkpt lat="42.838047" lon="-0.298312">
        <ele>2639.296820</ele>
        <time>2026-07-04T11:40:42.999Z</time>
      </trkpt>
      <trkpt lat="42.838102" lon="-0.298412">
        <ele>2635.748544</ele>
        <time>2026-07-04T11:41:21.000Z</time>
      </trkpt>
      <trkpt lat="42.838165" lon="-0.298612">
        <ele>2629.569809</ele>
        <time>2026-07-04T11:42:28.999Z</time>
      </trkpt>
      <trkpt lat="42.838212" lon="-0.298724">
        <ele>2625.906853</ele>
        <time>2026-07-04T11:42:54.999Z</time>
      </trkpt>
      <trkpt lat="42.838222" lon="-0.298849">
        <ele>2622.337628</ele>
        <time>2026-07-04T11:43:40.000Z</time>
      </trkpt>
      <trkpt lat="42.838242" lon="-0.298969">
        <ele>2618.844507</ele>
        <time>2026-07-04T11:44:21.000Z</time>
      </trkpt>
      <trkpt lat="42.838304" lon="-0.299059">
        <ele>2615.339283</ele>
        <time>2026-07-04T11:44:42.999Z</time>
      </trkpt>
      <trkpt lat="42.838386" lon="-0.299113">
        <ele>2611.814324</ele>
        <time>2026-07-04T11:45:06.999Z</time>
      </trkpt>
      <trkpt lat="42.838473" lon="-0.299154">
        <ele>2608.251110</ele>
        <time>2026-07-04T11:45:25.999Z</time>
      </trkpt>
      <trkpt lat="42.838332" lon="-0.299221">
        <ele>2602.471113</ele>
        <time>2026-07-04T11:46:34.999Z</time>
      </trkpt>
      <trkpt lat="42.838282" lon="-0.299326">
        <ele>2599.822662</ele>
        <time>2026-07-04T11:47:08.999Z</time>
      </trkpt>
      <trkpt lat="42.838446" lon="-0.299354">
        <ele>2600.260416</ele>
        <time>2026-07-04T11:48:38.999Z</time>
      </trkpt>
      <trkpt lat="42.838650" lon="-0.299462">
        <ele>2600.840005</ele>
        <time>2026-07-04T11:50:55.999Z</time>
      </trkpt>
      <trkpt lat="42.838722" lon="-0.299545">
        <ele>2601.089702</ele>
        <time>2026-07-04T11:51:14.999Z</time>
      </trkpt>
      <trkpt lat="42.838738" lon="-0.299678">
        <ele>2601.351455</ele>
        <time>2026-07-04T11:51:28.999Z</time>
      </trkpt>
      <trkpt lat="42.838808" lon="-0.299769">
        <ele>2601.607593</ele>
        <time>2026-07-04T11:51:41.999Z</time>
      </trkpt>
      <trkpt lat="42.838887" lon="-0.299830">
        <ele>2601.848039</ele>
        <time>2026-07-04T11:51:58.000Z</time>
      </trkpt>
      <trkpt lat="42.838956" lon="-0.299911">
        <ele>2602.089170</ele>
        <time>2026-07-04T11:52:16.000Z</time>
      </trkpt>
      <trkpt lat="42.838963" lon="-0.300046">
        <ele>2602.352007</ele>
        <time>2026-07-04T11:52:37.000Z</time>
      </trkpt>
      <trkpt lat="42.839027" lon="-0.300140">
        <ele>2602.601126</ele>
        <time>2026-07-04T11:53:02.999Z</time>
      </trkpt>
      <trkpt lat="42.839042" lon="-0.300265">
        <ele>2602.847117</ele>
        <time>2026-07-04T11:53:20.999Z</time>
      </trkpt>
      <trkpt lat="42.839081" lon="-0.300379">
        <ele>2603.091426</ele>
        <time>2026-07-04T11:53:38.999Z</time>
      </trkpt>
      <trkpt lat="42.839181" lon="-0.300383">
        <ele>2603.356395</ele>
        <time>2026-07-04T11:54:28.000Z</time>
      </trkpt>
      <trkpt lat="42.839238" lon="-0.300534">
        <ele>2603.686229</ele>
        <time>2026-07-04T11:55:10.999Z</time>
      </trkpt>
      <trkpt lat="42.839329" lon="-0.300522">
        <ele>2603.928371</ele>
        <time>2026-07-04T11:57:02.999Z</time>
      </trkpt>
      <trkpt lat="42.839455" lon="-0.300456">
        <ele>2604.285858</ele>
        <time>2026-07-04T11:59:47.999Z</time>
      </trkpt>
      <trkpt lat="42.839520" lon="-0.300369">
        <ele>2604.527075</ele>
        <time>2026-07-04T12:00:44.000Z</time>
      </trkpt>
      <trkpt lat="42.839610" lon="-0.300381">
        <ele>2600.773141</ele>
        <time>2026-07-04T12:01:31.999Z</time>
      </trkpt>
      <trkpt lat="42.839851" lon="-0.300173">
        <ele>2588.858794</ele>
        <time>2026-07-04T12:05:37.999Z</time>
      </trkpt>
      <trkpt lat="42.839906" lon="-0.300069">
        <ele>2584.931017</ele>
        <time>2026-07-04T12:06:31.000Z</time>
      </trkpt>
      <trkpt lat="42.839994" lon="-0.300026">
        <ele>2581.026022</ele>
        <time>2026-07-04T12:07:14.999Z</time>
      </trkpt>
      <trkpt lat="42.840078" lon="-0.299978">
        <ele>2577.221384</ele>
        <time>2026-07-04T12:07:52.999Z</time>
      </trkpt>
      <trkpt lat="42.840156" lon="-0.299899">
        <ele>2573.162687</ele>
        <time>2026-07-04T12:09:14.999Z</time>
      </trkpt>
      <trkpt lat="42.840248" lon="-0.299908">
        <ele>2569.309561</ele>
        <time>2026-07-04T12:10:18.999Z</time>
      </trkpt>
      <trkpt lat="42.840285" lon="-0.299794">
        <ele>2565.490813</ele>
        <time>2026-07-04T12:10:51.000Z</time>
      </trkpt>
      <trkpt lat="42.840374" lon="-0.299836">
        <ele>2561.556591</ele>
        <time>2026-07-04T12:11:18.999Z</time>
      </trkpt>
      <trkpt lat="42.840449" lon="-0.299761">
        <ele>2557.671494</ele>
        <time>2026-07-04T12:12:01.999Z</time>
      </trkpt>
      <trkpt lat="42.840592" lon="-0.299810">
        <ele>2551.512073</ele>
        <time>2026-07-04T12:13:37.999Z</time>
      </trkpt>
      <trkpt lat="42.840640" lon="-0.299703">
        <ele>2547.669823</ele>
        <time>2026-07-04T12:13:57.999Z</time>
      </trkpt>
      <trkpt lat="42.840731" lon="-0.299715">
        <ele>2543.850616</ele>
        <time>2026-07-04T12:14:27.999Z</time>
      </trkpt>
      <trkpt lat="42.840761" lon="-0.299593">
        <ele>2539.909091</ele>
        <time>2026-07-04T12:15:04.000Z</time>
      </trkpt>
      <trkpt lat="42.840844" lon="-0.299642">
        <ele>2536.130891</ele>
        <time>2026-07-04T12:15:23.999Z</time>
      </trkpt>
      <trkpt lat="42.840926" lon="-0.299590">
        <ele>2532.353176</ele>
        <time>2026-07-04T12:15:59.999Z</time>
      </trkpt>
      <trkpt lat="42.841019" lon="-0.299583">
        <ele>2528.173053</ele>
        <time>2026-07-04T12:16:54.999Z</time>
      </trkpt>
      <trkpt lat="42.841277" lon="-0.299508">
        <ele>2513.722296</ele>
        <time>2026-07-04T12:19:42.999Z</time>
      </trkpt>
      <trkpt lat="42.841369" lon="-0.299509">
        <ele>2508.682369</ele>
        <time>2026-07-04T12:20:20.999Z</time>
      </trkpt>
      <trkpt lat="42.841457" lon="-0.299485">
        <ele>2503.766279</ele>
        <time>2026-07-04T12:21:13.000Z</time>
      </trkpt>
      <trkpt lat="42.841540" lon="-0.299435">
        <ele>2498.795733</ele>
        <time>2026-07-04T12:21:48.999Z</time>
      </trkpt>
      <trkpt lat="42.841626" lon="-0.299391">
        <ele>2493.764051</ele>
        <time>2026-07-04T12:22:24.999Z</time>
      </trkpt>
      <trkpt lat="42.841781" lon="-0.299476">
        <ele>2484.612432</ele>
        <time>2026-07-04T12:24:47.999Z</time>
      </trkpt>
      <trkpt lat="42.841876" lon="-0.299466">
        <ele>2479.392847</ele>
        <time>2026-07-04T12:25:23.000Z</time>
      </trkpt>
      <trkpt lat="42.841969" lon="-0.299475">
        <ele>2474.285491</ele>
        <time>2026-07-04T12:25:39.999Z</time>
      </trkpt>
      <trkpt lat="42.842063" lon="-0.299445">
        <ele>2468.997052</ele>
        <time>2026-07-04T12:26:01.999Z</time>
      </trkpt>
      <trkpt lat="42.842146" lon="-0.299503">
        <ele>2463.888218</ele>
        <time>2026-07-04T12:26:24.999Z</time>
      </trkpt>
      <trkpt lat="42.842232" lon="-0.299465">
        <ele>2458.936048</ele>
        <time>2026-07-04T12:27:06.999Z</time>
      </trkpt>
      <trkpt lat="42.842304" lon="-0.299390">
        <ele>2453.973041</ele>
        <time>2026-07-04T12:27:48.999Z</time>
      </trkpt>
      <trkpt lat="42.842341" lon="-0.299276">
        <ele>2448.965546</ele>
        <time>2026-07-04T12:28:25.999Z</time>
      </trkpt>
      <trkpt lat="42.842400" lon="-0.299140">
        <ele>2442.618414</ele>
        <time>2026-07-04T12:29:11.999Z</time>
      </trkpt>
      <trkpt lat="42.842467" lon="-0.299051">
        <ele>2437.494940</ele>
        <time>2026-07-04T12:29:55.999Z</time>
      </trkpt>
      <trkpt lat="42.842555" lon="-0.299005">
        <ele>2432.332342</ele>
        <time>2026-07-04T12:30:26.999Z</time>
      </trkpt>
      <trkpt lat="42.842643" lon="-0.298972">
        <ele>2428.526147</ele>
        <time>2026-07-04T12:30:53.999Z</time>
      </trkpt>
      <trkpt lat="42.842716" lon="-0.298900">
        <ele>2425.260139</ele>
        <time>2026-07-04T12:31:37.998Z</time>
      </trkpt>
      <trkpt lat="42.842735" lon="-0.298779">
        <ele>2421.970828</ele>
        <time>2026-07-04T12:32:13.999Z</time>
      </trkpt>
      <trkpt lat="42.842826" lon="-0.298788">
        <ele>2418.663126</ele>
        <time>2026-07-04T12:32:42.999Z</time>
      </trkpt>
      <trkpt lat="42.842976" lon="-0.298636">
        <ele>2411.888436</ele>
        <time>2026-07-04T12:34:03.999Z</time>
      </trkpt>
      <trkpt lat="42.843066" lon="-0.298609">
        <ele>2408.547648</ele>
        <time>2026-07-04T12:34:49.999Z</time>
      </trkpt>
      <trkpt lat="42.843192" lon="-0.298525">
        <ele>2403.463230</ele>
        <time>2026-07-04T12:36:07.999Z</time>
      </trkpt>
      <trkpt lat="42.843323" lon="-0.298482">
        <ele>2398.578455</ele>
        <time>2026-07-04T12:36:57.999Z</time>
      </trkpt>
      <trkpt lat="42.843414" lon="-0.298485">
        <ele>2395.278452</ele>
        <time>2026-07-04T12:37:14.999Z</time>
      </trkpt>
      <trkpt lat="42.843459" lon="-0.298591">
        <ele>2392.022619</ele>
        <time>2026-07-04T12:37:42.998Z</time>
      </trkpt>
      <trkpt lat="42.843543" lon="-0.298638">
        <ele>2388.731046</ele>
        <time>2026-07-04T12:37:56.998Z</time>
      </trkpt>
      <trkpt lat="42.843642" lon="-0.298722">
        <ele>2384.504120</ele>
        <time>2026-07-04T12:38:47.999Z</time>
      </trkpt>
      <trkpt lat="42.843651" lon="-0.298850">
        <ele>2381.086109</ele>
        <time>2026-07-04T12:39:10.999Z</time>
      </trkpt>
      <trkpt lat="42.843740" lon="-0.298875">
        <ele>2377.791854</ele>
        <time>2026-07-04T12:39:45.998Z</time>
      </trkpt>
      <trkpt lat="42.843860" lon="-0.299079">
        <ele>2370.839875</ele>
        <time>2026-07-04T12:40:56.999Z</time>
      </trkpt>
      <trkpt lat="42.843958" lon="-0.299107">
        <ele>2367.209942</ele>
        <time>2026-07-04T12:41:20.999Z</time>
      </trkpt>
      <trkpt lat="42.843993" lon="-0.299235">
        <ele>2364.769530</ele>
        <time>2026-07-04T12:41:37.999Z</time>
      </trkpt>
      <trkpt lat="42.844023" lon="-0.299351">
        <ele>2363.375398</ele>
        <time>2026-07-04T12:41:57.998Z</time>
      </trkpt>
      <trkpt lat="42.844113" lon="-0.299385">
        <ele>2361.931788</ele>
        <time>2026-07-04T12:42:10.999Z</time>
      </trkpt>
      <trkpt lat="42.844186" lon="-0.299461">
        <ele>2360.512158</ele>
        <time>2026-07-04T12:42:24.999Z</time>
      </trkpt>
      <trkpt lat="42.844271" lon="-0.299507">
        <ele>2359.098564</ele>
        <time>2026-07-04T12:42:35.999Z</time>
      </trkpt>
      <trkpt lat="42.844348" lon="-0.299590">
        <ele>2357.581431</ele>
        <time>2026-07-04T12:42:46.999Z</time>
      </trkpt>
      <trkpt lat="42.844494" lon="-0.299764">
        <ele>2354.584320</ele>
        <time>2026-07-04T12:45:18.999Z</time>
      </trkpt>
      <trkpt lat="42.844489" lon="-0.299887">
        <ele>2353.188111</ele>
        <time>2026-07-04T12:45:47.999Z</time>
      </trkpt>
      <trkpt lat="42.844605" lon="-0.299960">
        <ele>2351.213298</ele>
        <time>2026-07-04T13:17:35.999Z</time>
      </trkpt>
      <trkpt lat="42.844693" lon="-0.299917">
        <ele>2349.768320</ele>
        <time>2026-07-04T13:17:45.999Z</time>
      </trkpt>
      <trkpt lat="42.844779" lon="-0.299866">
        <ele>2348.318698</ele>
        <time>2026-07-04T13:18:01.000Z</time>
      </trkpt>
      <trkpt lat="42.844872" lon="-0.299824">
        <ele>2346.804337</ele>
        <time>2026-07-04T13:18:14.000Z</time>
      </trkpt>
      <trkpt lat="42.844967" lon="-0.299793">
        <ele>2345.294374</ele>
        <time>2026-07-04T13:18:35.000Z</time>
      </trkpt>
      <trkpt lat="42.845063" lon="-0.299782">
        <ele>2343.805171</ele>
        <time>2026-07-04T13:18:48.000Z</time>
      </trkpt>
      <trkpt lat="42.845157" lon="-0.299769">
        <ele>2342.344661</ele>
        <time>2026-07-04T13:18:59.999Z</time>
      </trkpt>
      <trkpt lat="42.845254" lon="-0.299743">
        <ele>2340.816547</ele>
        <time>2026-07-04T13:19:12.999Z</time>
      </trkpt>
      <trkpt lat="42.845344" lon="-0.299737">
        <ele>2339.423659</ele>
        <time>2026-07-04T13:19:27.999Z</time>
      </trkpt>
      <trkpt lat="42.845431" lon="-0.299691">
        <ele>2337.981288</ele>
        <time>2026-07-04T13:19:46.999Z</time>
      </trkpt>
      <trkpt lat="42.845524" lon="-0.299724">
        <ele>2336.874622</ele>
        <time>2026-07-04T13:20:03.000Z</time>
      </trkpt>
      <trkpt lat="42.845617" lon="-0.299705">
        <ele>2335.827236</ele>
        <time>2026-07-04T13:20:18.000Z</time>
      </trkpt>
      <trkpt lat="42.845698" lon="-0.299775">
        <ele>2334.759206</ele>
        <time>2026-07-04T13:20:33.000Z</time>
      </trkpt>
      <trkpt lat="42.845791" lon="-0.299796">
        <ele>2333.709276</ele>
        <time>2026-07-04T13:20:51.000Z</time>
      </trkpt>
      <trkpt lat="42.845881" lon="-0.299754">
        <ele>2332.649807</ele>
        <time>2026-07-04T13:21:07.999Z</time>
      </trkpt>
      <trkpt lat="42.845960" lon="-0.299690">
        <ele>2331.626396</ele>
        <time>2026-07-04T13:21:19.999Z</time>
      </trkpt>
      <trkpt lat="42.846044" lon="-0.299627">
        <ele>2330.558686</ele>
        <time>2026-07-04T13:21:31.999Z</time>
      </trkpt>
      <trkpt lat="42.846089" lon="-0.299520">
        <ele>2329.551362</ele>
        <time>2026-07-04T13:21:44.999Z</time>
      </trkpt>
      <trkpt lat="42.846154" lon="-0.299433">
        <ele>2328.537027</ele>
        <time>2026-07-04T13:22:03.000Z</time>
      </trkpt>
      <trkpt lat="42.846240" lon="-0.299383">
        <ele>2327.495768</ele>
        <time>2026-07-04T13:22:20.000Z</time>
      </trkpt>
      <trkpt lat="42.846295" lon="-0.299279">
        <ele>2326.448611</ele>
        <time>2026-07-04T13:22:37.000Z</time>
      </trkpt>
      <trkpt lat="42.846373" lon="-0.299211">
        <ele>2325.417544</ele>
        <time>2026-07-04T13:22:53.000Z</time>
      </trkpt>
      <trkpt lat="42.846439" lon="-0.299128">
        <ele>2324.417655</ele>
        <time>2026-07-04T13:23:09.999Z</time>
      </trkpt>
      <trkpt lat="42.846550" lon="-0.299159">
        <ele>2323.155690</ele>
        <time>2026-07-04T13:23:43.999Z</time>
      </trkpt>
      <trkpt lat="42.846630" lon="-0.299101">
        <ele>2322.146594</ele>
        <time>2026-07-04T13:23:57.999Z</time>
      </trkpt>
      <trkpt lat="42.846713" lon="-0.299041">
        <ele>2321.100326</ele>
        <time>2026-07-04T13:24:17.000Z</time>
      </trkpt>
      <trkpt lat="42.846772" lon="-0.298939">
        <ele>2320.039373</ele>
        <time>2026-07-04T13:24:34.000Z</time>
      </trkpt>
      <trkpt lat="42.846859" lon="-0.299089">
        <ele>2318.477525</ele>
        <time>2026-07-04T13:25:33.999Z</time>
      </trkpt>
      <trkpt lat="42.846916" lon="-0.299186">
        <ele>2316.381066</ele>
        <time>2026-07-04T13:26:07.999Z</time>
      </trkpt>
      <trkpt lat="42.846948" lon="-0.299303">
        <ele>2312.260386</ele>
        <time>2026-07-04T13:26:44.000Z</time>
      </trkpt>
      <trkpt lat="42.847037" lon="-0.299332">
        <ele>2308.142005</ele>
        <time>2026-07-04T13:27:15.999Z</time>
      </trkpt>
      <trkpt lat="42.847126" lon="-0.299301">
        <ele>2304.007791</ele>
        <time>2026-07-04T13:27:51.999Z</time>
      </trkpt>
      <trkpt lat="42.847192" lon="-0.299392">
        <ele>2299.783957</ele>
        <time>2026-07-04T13:28:16.999Z</time>
      </trkpt>
      <trkpt lat="42.847268" lon="-0.299325">
        <ele>2295.711095</ele>
        <time>2026-07-04T13:28:51.000Z</time>
      </trkpt>
      <trkpt lat="42.847345" lon="-0.299252">
        <ele>2291.490577</ele>
        <time>2026-07-04T13:29:28.999Z</time>
      </trkpt>
      <trkpt lat="42.847398" lon="-0.299149">
        <ele>2287.338241</ele>
        <time>2026-07-04T13:29:49.999Z</time>
      </trkpt>
      <trkpt lat="42.847469" lon="-0.299074">
        <ele>2283.296427</ele>
        <time>2026-07-04T13:30:27.000Z</time>
      </trkpt>
      <trkpt lat="42.847559" lon="-0.299093">
        <ele>2279.197527</ele>
        <time>2026-07-04T13:31:04.000Z</time>
      </trkpt>
      <trkpt lat="42.847650" lon="-0.299086">
        <ele>2275.095343</ele>
        <time>2026-07-04T13:31:38.999Z</time>
      </trkpt>
      <trkpt lat="42.847741" lon="-0.299067">
        <ele>2270.951960</ele>
        <time>2026-07-04T13:32:16.999Z</time>
      </trkpt>
      <trkpt lat="42.847830" lon="-0.299034">
        <ele>2266.800927</ele>
        <time>2026-07-04T13:32:59.000Z</time>
      </trkpt>
      <trkpt lat="42.847921" lon="-0.299073">
        <ele>2262.507828</ele>
        <time>2026-07-04T13:33:26.999Z</time>
      </trkpt>
      <trkpt lat="42.848010" lon="-0.299094">
        <ele>2258.442672</ele>
        <time>2026-07-04T13:33:55.999Z</time>
      </trkpt>
      <trkpt lat="42.848097" lon="-0.299136">
        <ele>2254.289000</ele>
        <time>2026-07-04T13:34:15.999Z</time>
      </trkpt>
      <trkpt lat="42.848191" lon="-0.299157">
        <ele>2250.001929</ele>
        <time>2026-07-04T13:34:34.999Z</time>
      </trkpt>
      <trkpt lat="42.848273" lon="-0.299106">
        <ele>2245.945742</ele>
        <time>2026-07-04T13:35:03.000Z</time>
      </trkpt>
      <trkpt lat="42.848369" lon="-0.299123">
        <ele>2241.588767</ele>
        <time>2026-07-04T13:35:21.000Z</time>
      </trkpt>
      <trkpt lat="42.848448" lon="-0.299063">
        <ele>2237.519126</ele>
        <time>2026-07-04T13:35:50.999Z</time>
      </trkpt>
      <trkpt lat="42.848446" lon="-0.298939">
        <ele>2235.223674</ele>
        <time>2026-07-04T13:36:15.999Z</time>
      </trkpt>
      <trkpt lat="42.848532" lon="-0.298877">
        <ele>2233.133423</ele>
        <time>2026-07-04T13:36:39.999Z</time>
      </trkpt>
      <trkpt lat="42.848628" lon="-0.298885">
        <ele>2231.066700</ele>
        <time>2026-07-04T13:37:08.000Z</time>
      </trkpt>
      <trkpt lat="42.848686" lon="-0.298788">
        <ele>2229.094751</ele>
        <time>2026-07-04T13:37:29.999Z</time>
      </trkpt>
      <trkpt lat="42.848768" lon="-0.298734">
        <ele>2227.138090</ele>
        <time>2026-07-04T13:37:54.999Z</time>
      </trkpt>
      <trkpt lat="42.848859" lon="-0.298703">
        <ele>2225.122590</ele>
        <time>2026-07-04T13:38:13.999Z</time>
      </trkpt>
      <trkpt lat="42.848951" lon="-0.298686">
        <ele>2223.127607</ele>
        <time>2026-07-04T13:38:32.999Z</time>
      </trkpt>
      <trkpt lat="42.849069" lon="-0.298632">
        <ele>2220.453080</ele>
        <time>2026-07-04T13:39:28.000Z</time>
      </trkpt>
      <trkpt lat="42.849160" lon="-0.298620">
        <ele>2218.488528</ele>
        <time>2026-07-04T13:39:45.999Z</time>
      </trkpt>
      <trkpt lat="42.849251" lon="-0.298596">
        <ele>2216.496874</ele>
        <time>2026-07-04T13:40:08.999Z</time>
      </trkpt>
      <trkpt lat="42.849295" lon="-0.298485">
        <ele>2214.508938</ele>
        <time>2026-07-04T13:40:30.999Z</time>
      </trkpt>
      <trkpt lat="42.849388" lon="-0.298462">
        <ele>2212.477942</ele>
        <time>2026-07-04T13:40:47.999Z</time>
      </trkpt>
      <trkpt lat="42.849476" lon="-0.298432">
        <ele>2210.528804</ele>
        <time>2026-07-04T13:40:59.000Z</time>
      </trkpt>
      <trkpt lat="42.849565" lon="-0.298403">
        <ele>2208.562533</ele>
        <time>2026-07-04T13:41:13.000Z</time>
      </trkpt>
      <trkpt lat="42.849655" lon="-0.298387">
        <ele>2206.612228</ele>
        <time>2026-07-04T13:41:26.000Z</time>
      </trkpt>
      <trkpt lat="42.849731" lon="-0.298317">
        <ele>2204.641653</ele>
        <time>2026-07-04T13:41:38.999Z</time>
      </trkpt>
      <trkpt lat="42.849817" lon="-0.298265">
        <ele>2202.620224</ele>
        <time>2026-07-04T13:41:48.999Z</time>
      </trkpt>
      <trkpt lat="42.849891" lon="-0.298186">
        <ele>2200.600954</ele>
        <time>2026-07-04T13:41:59.999Z</time>
      </trkpt>
      <trkpt lat="42.849975" lon="-0.298130">
        <ele>2198.591876</ele>
        <time>2026-07-04T13:42:08.999Z</time>
      </trkpt>
      <trkpt lat="42.850060" lon="-0.298068">
        <ele>2198.099794</ele>
        <time>2026-07-04T13:42:18.999Z</time>
      </trkpt>
      <trkpt lat="42.850134" lon="-0.297995">
        <ele>2197.965370</ele>
        <time>2026-07-04T13:42:29.999Z</time>
      </trkpt>
      <trkpt lat="42.850227" lon="-0.297950">
        <ele>2197.820123</ele>
        <time>2026-07-04T13:42:40.999Z</time>
      </trkpt>
      <trkpt lat="42.850293" lon="-0.297866">
        <ele>2197.687254</ele>
        <time>2026-07-04T13:42:54.999Z</time>
      </trkpt>
      <trkpt lat="42.850349" lon="-0.297768">
        <ele>2197.553171</ele>
        <time>2026-07-04T13:43:11.000Z</time>
      </trkpt>
      <trkpt lat="42.850432" lon="-0.297722">
        <ele>2197.421301</ele>
        <time>2026-07-04T13:43:28.000Z</time>
      </trkpt>
      <trkpt lat="42.850521" lon="-0.297694">
        <ele>2197.286860</ele>
        <time>2026-07-04T13:43:43.999Z</time>
      </trkpt>
      <trkpt lat="42.850565" lon="-0.297586">
        <ele>2197.153530</ele>
        <time>2026-07-04T13:43:58.999Z</time>
      </trkpt>
      <trkpt lat="42.850565" lon="-0.297463">
        <ele>2197.020799</ele>
        <time>2026-07-04T13:44:17.999Z</time>
      </trkpt>
      <trkpt lat="42.850653" lon="-0.297420">
        <ele>2196.883209</ele>
        <time>2026-07-04T13:44:31.999Z</time>
      </trkpt>
      <trkpt lat="42.850729" lon="-0.297354">
        <ele>2196.750594</ele>
        <time>2026-07-04T13:44:49.999Z</time>
      </trkpt>
      <trkpt lat="42.850817" lon="-0.297273">
        <ele>2196.594331</ele>
        <time>2026-07-04T13:45:08.000Z</time>
      </trkpt>
      <trkpt lat="42.850912" lon="-0.297277">
        <ele>2196.454432</ele>
        <time>2026-07-04T13:45:22.000Z</time>
      </trkpt>
      <trkpt lat="42.851002" lon="-0.297282">
        <ele>2196.321849</ele>
        <time>2026-07-04T13:45:43.999Z</time>
      </trkpt>
      <trkpt lat="42.851096" lon="-0.297262">
        <ele>2196.181814</ele>
        <time>2026-07-04T13:46:01.999Z</time>
      </trkpt>
      <trkpt lat="42.851188" lon="-0.297255">
        <ele>2196.046186</ele>
        <time>2026-07-04T13:46:14.999Z</time>
      </trkpt>
      <trkpt lat="42.851284" lon="-0.297260">
        <ele>2195.904779</ele>
        <time>2026-07-04T13:46:30.999Z</time>
      </trkpt>
      <trkpt lat="42.851376" lon="-0.297263">
        <ele>2195.769323</ele>
        <time>2026-07-04T13:46:40.999Z</time>
      </trkpt>
      <trkpt lat="42.851467" lon="-0.297250">
        <ele>2195.634645</ele>
        <time>2026-07-04T13:46:51.999Z</time>
      </trkpt>
      <trkpt lat="42.851554" lon="-0.297201">
        <ele>2195.161632</ele>
        <time>2026-07-04T13:47:01.999Z</time>
      </trkpt>
      <trkpt lat="42.851634" lon="-0.297140">
        <ele>2194.403079</ele>
        <time>2026-07-04T13:47:21.000Z</time>
      </trkpt>
      <trkpt lat="42.851731" lon="-0.297143">
        <ele>2193.600047</ele>
        <time>2026-07-04T13:47:40.000Z</time>
      </trkpt>
      <trkpt lat="42.851945" lon="-0.297097">
        <ele>2191.807008</ele>
        <time>2026-07-04T13:48:44.999Z</time>
      </trkpt>
      <trkpt lat="42.852038" lon="-0.297048">
        <ele>2190.981863</ele>
        <time>2026-07-04T13:48:58.999Z</time>
      </trkpt>
      <trkpt lat="42.852129" lon="-0.297017">
        <ele>2190.205564</ele>
        <time>2026-07-04T13:49:08.999Z</time>
      </trkpt>
      <trkpt lat="42.852208" lon="-0.296950">
        <ele>2189.435640</ele>
        <time>2026-07-04T13:49:20.000Z</time>
      </trkpt>
      <trkpt lat="42.852283" lon="-0.296873">
        <ele>2188.658721</ele>
        <time>2026-07-04T13:49:33.000Z</time>
      </trkpt>
      <trkpt lat="42.852367" lon="-0.296815">
        <ele>2187.879495</ele>
        <time>2026-07-04T13:49:42.000Z</time>
      </trkpt>
      <trkpt lat="42.852455" lon="-0.296786">
        <ele>2187.130204</ele>
        <time>2026-07-04T13:49:55.999Z</time>
      </trkpt>
      <trkpt lat="42.852535" lon="-0.296722">
        <ele>2186.362607</ele>
        <time>2026-07-04T13:50:10.999Z</time>
      </trkpt>
      <trkpt lat="42.852590" lon="-0.296610">
        <ele>2185.544663</ele>
        <time>2026-07-04T13:50:55.999Z</time>
      </trkpt>
      <trkpt lat="42.852661" lon="-0.296531">
        <ele>2184.786322</ele>
        <time>2026-07-04T13:51:08.999Z</time>
      </trkpt>
      <trkpt lat="42.852694" lon="-0.296416">
        <ele>2184.037001</ele>
        <time>2026-07-04T13:51:20.999Z</time>
      </trkpt>
      <trkpt lat="42.852762" lon="-0.296324">
        <ele>2183.244311</ele>
        <time>2026-07-04T13:51:45.999Z</time>
      </trkpt>
      <trkpt lat="42.852833" lon="-0.296244">
        <ele>2182.482122</ele>
        <time>2026-07-04T13:51:55.999Z</time>
      </trkpt>
      <trkpt lat="42.852917" lon="-0.296193">
        <ele>2181.721134</ele>
        <time>2026-07-04T13:52:09.999Z</time>
      </trkpt>
      <trkpt lat="42.852999" lon="-0.296144">
        <ele>2180.980192</ele>
        <time>2026-07-04T13:52:28.999Z</time>
      </trkpt>
      <trkpt lat="42.853088" lon="-0.296118">
        <ele>2179.623337</ele>
        <time>2026-07-04T13:52:48.999Z</time>
      </trkpt>
      <trkpt lat="42.853175" lon="-0.296070">
        <ele>2177.816340</ele>
        <time>2026-07-04T13:53:11.999Z</time>
      </trkpt>
      <trkpt lat="42.853231" lon="-0.295970">
        <ele>2176.040063</ele>
        <time>2026-07-04T13:53:27.999Z</time>
      </trkpt>
      <trkpt lat="42.853270" lon="-0.295854">
        <ele>2174.238670</ele>
        <time>2026-07-04T13:53:45.000Z</time>
      </trkpt>
      <trkpt lat="42.853313" lon="-0.295739">
        <ele>2172.416422</ele>
        <time>2026-07-04T13:53:58.999Z</time>
      </trkpt>
      <trkpt lat="42.853376" lon="-0.295635">
        <ele>2170.512067</ele>
        <time>2026-07-04T13:54:12.999Z</time>
      </trkpt>
      <trkpt lat="42.853472" lon="-0.295618">
        <ele>2168.648102</ele>
        <time>2026-07-04T13:54:30.999Z</time>
      </trkpt>
      <trkpt lat="42.853563" lon="-0.295636">
        <ele>2166.877596</ele>
        <time>2026-07-04T13:55:14.999Z</time>
      </trkpt>
      <trkpt lat="42.853619" lon="-0.295733">
        <ele>2165.134788</ele>
        <time>2026-07-04T13:55:53.000Z</time>
      </trkpt>
      <trkpt lat="42.853704" lon="-0.295798">
        <ele>2163.258501</ele>
        <time>2026-07-04T13:56:39.999Z</time>
      </trkpt>
      <trkpt lat="42.853797" lon="-0.295774">
        <ele>2161.436048</ele>
        <time>2026-07-04T13:57:08.999Z</time>
      </trkpt>
      <trkpt lat="42.853888" lon="-0.295782">
        <ele>2159.680233</ele>
        <time>2026-07-04T13:57:34.999Z</time>
      </trkpt>
      <trkpt lat="42.853972" lon="-0.295733">
        <ele>2157.921153</ele>
        <time>2026-07-04T13:57:52.000Z</time>
      </trkpt>
      <trkpt lat="42.854053" lon="-0.295679">
        <ele>2156.185222</ele>
        <time>2026-07-04T13:58:14.999Z</time>
      </trkpt>
      <trkpt lat="42.854148" lon="-0.295667">
        <ele>2154.348197</ele>
        <time>2026-07-04T13:58:28.999Z</time>
      </trkpt>
      <trkpt lat="42.854240" lon="-0.295646">
        <ele>2152.552133</ele>
        <time>2026-07-04T13:58:45.999Z</time>
      </trkpt>
      <trkpt lat="42.854332" lon="-0.295601">
        <ele>2150.670259</ele>
        <time>2026-07-04T13:59:01.999Z</time>
      </trkpt>
      <trkpt lat="42.854505" lon="-0.295485">
        <ele>2146.958517</ele>
        <time>2026-07-04T13:59:43.999Z</time>
      </trkpt>
      <trkpt lat="42.854592" lon="-0.295450">
        <ele>2146.586483</ele>
        <time>2026-07-04T14:00:02.000Z</time>
      </trkpt>
      <trkpt lat="42.854685" lon="-0.295428">
        <ele>2147.751789</ele>
        <time>2026-07-04T14:00:18.999Z</time>
      </trkpt>
      <trkpt lat="42.854774" lon="-0.295393">
        <ele>2148.895324</ele>
        <time>2026-07-04T14:00:31.999Z</time>
      </trkpt>
      <trkpt lat="42.854869" lon="-0.295368">
        <ele>2150.089810</ele>
        <time>2026-07-04T14:00:44.999Z</time>
      </trkpt>
      <trkpt lat="42.854918" lon="-0.295264">
        <ele>2151.208704</ele>
        <time>2026-07-04T14:01:08.999Z</time>
      </trkpt>
      <trkpt lat="42.854976" lon="-0.295165">
        <ele>2152.355684</ele>
        <time>2026-07-04T14:01:35.999Z</time>
      </trkpt>
      <trkpt lat="42.855031" lon="-0.295063">
        <ele>2153.501669</ele>
        <time>2026-07-04T14:02:03.000Z</time>
      </trkpt>
      <trkpt lat="42.855045" lon="-0.294935">
        <ele>2154.672956</ele>
        <time>2026-07-04T14:02:23.999Z</time>
      </trkpt>
      <trkpt lat="42.855114" lon="-0.294844">
        <ele>2155.857855</ele>
        <time>2026-07-04T14:02:45.999Z</time>
      </trkpt>
      <trkpt lat="42.855194" lon="-0.294772">
        <ele>2157.041123</ele>
        <time>2026-07-04T14:03:10.999Z</time>
      </trkpt>
      <trkpt lat="42.855276" lon="-0.294718">
        <ele>2158.165282</ele>
        <time>2026-07-04T14:03:29.999Z</time>
      </trkpt>
      <trkpt lat="42.855363" lon="-0.294680">
        <ele>2159.293093</ele>
        <time>2026-07-04T14:03:42.999Z</time>
      </trkpt>
      <trkpt lat="42.855453" lon="-0.294637">
        <ele>2160.470405</ele>
        <time>2026-07-04T14:03:56.998Z</time>
      </trkpt>
      <trkpt lat="42.855523" lon="-0.294556">
        <ele>2161.603665</ele>
        <time>2026-07-04T14:04:13.000Z</time>
      </trkpt>
      <trkpt lat="42.855579" lon="-0.294455">
        <ele>2162.749771</ele>
        <time>2026-07-04T14:04:35.999Z</time>
      </trkpt>
      <trkpt lat="42.855640" lon="-0.294356">
        <ele>2163.920224</ele>
        <time>2026-07-04T14:04:52.999Z</time>
      </trkpt>
      <trkpt lat="42.855709" lon="-0.294273">
        <ele>2165.055985</ele>
        <time>2026-07-04T14:05:09.999Z</time>
      </trkpt>
      <trkpt lat="42.855770" lon="-0.294179">
        <ele>2166.192169</ele>
        <time>2026-07-04T14:05:32.999Z</time>
      </trkpt>
      <trkpt lat="42.855835" lon="-0.294091">
        <ele>2167.322783</ele>
        <time>2026-07-04T14:05:47.999Z</time>
      </trkpt>
      <trkpt lat="42.855890" lon="-0.293992">
        <ele>2168.200217</ele>
        <time>2026-07-04T14:06:10.000Z</time>
      </trkpt>
      <trkpt lat="42.855879" lon="-0.293870">
        <ele>2167.879979</ele>
        <time>2026-07-04T14:06:35.999Z</time>
      </trkpt>
      <trkpt lat="42.855953" lon="-0.293798">
        <ele>2167.556945</ele>
        <time>2026-07-04T14:06:55.999Z</time>
      </trkpt>
      <trkpt lat="42.856028" lon="-0.293729">
        <ele>2167.235446</ele>
        <time>2026-07-04T14:07:11.999Z</time>
      </trkpt>
      <trkpt lat="42.856113" lon="-0.293679">
        <ele>2166.906472</ele>
        <time>2026-07-04T14:07:25.999Z</time>
      </trkpt>
      <trkpt lat="42.856192" lon="-0.293607">
        <ele>2166.568814</ele>
        <time>2026-07-04T14:07:36.999Z</time>
      </trkpt>
      <trkpt lat="42.856271" lon="-0.293523">
        <ele>2166.212839</ele>
        <time>2026-07-04T14:07:54.999Z</time>
      </trkpt>
      <trkpt lat="42.856281" lon="-0.293397">
        <ele>2165.882658</ele>
        <time>2026-07-04T14:08:07.998Z</time>
      </trkpt>
      <trkpt lat="42.856335" lon="-0.293292">
        <ele>2165.548500</ele>
        <time>2026-07-04T14:08:20.999Z</time>
      </trkpt>
      <trkpt lat="42.856428" lon="-0.293239">
        <ele>2165.190301</ele>
        <time>2026-07-04T14:08:33.999Z</time>
      </trkpt>
      <trkpt lat="42.856492" lon="-0.293152">
        <ele>2164.869197</ele>
        <time>2026-07-04T14:08:44.999Z</time>
      </trkpt>
      <trkpt lat="42.856576" lon="-0.293104">
        <ele>2164.545532</ele>
        <time>2026-07-04T14:09:00.999Z</time>
      </trkpt>
      <trkpt lat="42.856653" lon="-0.293031">
        <ele>2164.212282</ele>
        <time>2026-07-04T14:09:09.999Z</time>
      </trkpt>
      <trkpt lat="42.856722" lon="-0.292945">
        <ele>2163.880119</ele>
        <time>2026-07-04T14:09:20.999Z</time>
      </trkpt>
      <trkpt lat="42.856805" lon="-0.292887">
        <ele>2163.548692</ele>
        <time>2026-07-04T14:09:31.999Z</time>
      </trkpt>
      <trkpt lat="42.856887" lon="-0.292823">
        <ele>2163.212942</ele>
        <time>2026-07-04T14:09:59.999Z</time>
      </trkpt>
      <trkpt lat="42.856969" lon="-0.292761">
        <ele>2162.879749</ele>
        <time>2026-07-04T14:10:18.999Z</time>
      </trkpt>
      <trkpt lat="42.857030" lon="-0.292666">
        <ele>2162.550731</ele>
        <time>2026-07-04T14:10:32.999Z</time>
      </trkpt>
      <trkpt lat="42.857108" lon="-0.292599">
        <ele>2162.223147</ele>
        <time>2026-07-04T14:10:44.999Z</time>
      </trkpt>
      <trkpt lat="42.857155" lon="-0.292493">
        <ele>2161.900406</ele>
        <time>2026-07-04T14:10:59.999Z</time>
      </trkpt>
      <trkpt lat="42.857242" lon="-0.292432">
        <ele>2160.372116</ele>
        <time>2026-07-04T14:11:15.999Z</time>
      </trkpt>
      <trkpt lat="42.857325" lon="-0.292379">
        <ele>2158.807382</ele>
        <time>2026-07-04T14:11:29.999Z</time>
      </trkpt>
      <trkpt lat="42.857376" lon="-0.292274">
        <ele>2157.230865</ele>
        <time>2026-07-04T14:11:42.999Z</time>
      </trkpt>
      <trkpt lat="42.857421" lon="-0.292157">
        <ele>2155.577137</ele>
        <time>2026-07-04T14:11:57.999Z</time>
      </trkpt>
      <trkpt lat="42.857488" lon="-0.292064">
        <ele>2153.945085</ele>
        <time>2026-07-04T14:12:15.998Z</time>
      </trkpt>
      <trkpt lat="42.857581" lon="-0.292068">
        <ele>2152.356393</ele>
        <time>2026-07-04T14:12:28.999Z</time>
      </trkpt>
      <trkpt lat="42.857616" lon="-0.291939">
        <ele>2150.634759</ele>
        <time>2026-07-04T14:12:44.999Z</time>
      </trkpt>
      <trkpt lat="42.857687" lon="-0.291849">
        <ele>2148.979916</ele>
        <time>2026-07-04T14:12:59.999Z</time>
      </trkpt>
      <trkpt lat="42.857750" lon="-0.291756">
        <ele>2147.394992</ele>
        <time>2026-07-04T14:13:14.999Z</time>
      </trkpt>
      <trkpt lat="42.857936" lon="-0.291589">
        <ele>2143.593062</ele>
        <time>2026-07-04T14:14:36.999Z</time>
      </trkpt>
      <trkpt lat="42.858003" lon="-0.291503">
        <ele>2142.022303</ele>
        <time>2026-07-04T14:14:53.999Z</time>
      </trkpt>
      <trkpt lat="42.858069" lon="-0.291416">
        <ele>2140.455265</ele>
        <time>2026-07-04T14:15:12.999Z</time>
      </trkpt>
      <trkpt lat="42.858139" lon="-0.291329">
        <ele>2138.838417</ele>
        <time>2026-07-04T14:15:35.999Z</time>
      </trkpt>
      <trkpt lat="42.858207" lon="-0.291243">
        <ele>2137.255182</ele>
        <time>2026-07-04T14:15:54.999Z</time>
      </trkpt>
      <trkpt lat="42.858300" lon="-0.291243">
        <ele>2135.667279</ele>
        <time>2026-07-04T14:16:23.998Z</time>
      </trkpt>
      <trkpt lat="42.858387" lon="-0.291203">
        <ele>2134.099724</ele>
        <time>2026-07-04T14:16:49.999Z</time>
      </trkpt>
      <trkpt lat="42.858389" lon="-0.291079">
        <ele>2132.547360</ele>
        <time>2026-07-04T14:17:09.999Z</time>
      </trkpt>
      <trkpt lat="42.858462" lon="-0.290984">
        <ele>2130.500493</ele>
        <time>2026-07-04T14:17:40.999Z</time>
      </trkpt>
      <trkpt lat="42.858466" lon="-0.290848">
        <ele>2127.112262</ele>
        <time>2026-07-04T14:18:09.999Z</time>
      </trkpt>
      <trkpt lat="42.858463" lon="-0.290722">
        <ele>2123.974034</ele>
        <time>2026-07-04T14:18:29.998Z</time>
      </trkpt>
      <trkpt lat="42.858377" lon="-0.290641">
        <ele>2120.425077</ele>
        <time>2026-07-04T14:18:49.999Z</time>
      </trkpt>
      <trkpt lat="42.858355" lon="-0.290521">
        <ele>2117.345850</ele>
        <time>2026-07-04T14:19:46.999Z</time>
      </trkpt>
      <trkpt lat="42.858261" lon="-0.290527">
        <ele>2114.150178</ele>
        <time>2026-07-04T14:20:09.999Z</time>
      </trkpt>
      <trkpt lat="42.858169" lon="-0.290528">
        <ele>2111.025818</ele>
        <time>2026-07-04T14:20:27.998Z</time>
      </trkpt>
      <trkpt lat="42.858081" lon="-0.290498">
        <ele>2107.945493</ele>
        <time>2026-07-04T14:21:01.999Z</time>
      </trkpt>
      <trkpt lat="42.858005" lon="-0.290416">
        <ele>2104.654914</ele>
        <time>2026-07-04T14:21:41.999Z</time>
      </trkpt>
      <trkpt lat="42.857917" lon="-0.290357">
        <ele>2101.325075</ele>
        <time>2026-07-04T14:22:09.999Z</time>
      </trkpt>
      <trkpt lat="42.857834" lon="-0.290300">
        <ele>2098.169438</ele>
        <time>2026-07-04T14:22:30.998Z</time>
      </trkpt>
      <trkpt lat="42.857825" lon="-0.290173">
        <ele>2094.993199</ele>
        <time>2026-07-04T14:22:47.998Z</time>
      </trkpt>
      <trkpt lat="42.857890" lon="-0.290081">
        <ele>2091.812392</ele>
        <time>2026-07-04T14:23:03.999Z</time>
      </trkpt>
      <trkpt lat="42.857931" lon="-0.289969">
        <ele>2088.695977</ele>
        <time>2026-07-04T14:23:28.999Z</time>
      </trkpt>
      <trkpt lat="42.857982" lon="-0.289747">
        <ele>2082.904557</ele>
        <time>2026-07-04T14:24:35.998Z</time>
      </trkpt>
      <trkpt lat="42.857995" lon="-0.289619">
        <ele>2079.687735</ele>
        <time>2026-07-04T14:24:53.998Z</time>
      </trkpt>
      <trkpt lat="42.858053" lon="-0.289518">
        <ele>2076.493838</ele>
        <time>2026-07-04T14:25:05.999Z</time>
      </trkpt>
      <trkpt lat="42.858104" lon="-0.289408">
        <ele>2073.253802</ele>
        <time>2026-07-04T14:25:25.999Z</time>
      </trkpt>
      <trkpt lat="42.858135" lon="-0.289283">
        <ele>2069.991953</ele>
        <time>2026-07-04T14:25:40.999Z</time>
      </trkpt>
      <trkpt lat="42.858193" lon="-0.289185">
        <ele>2067.559527</ele>
        <time>2026-07-04T14:25:57.999Z</time>
      </trkpt>
      <trkpt lat="42.858121" lon="-0.289099">
        <ele>2065.038334</ele>
        <time>2026-07-04T14:26:22.999Z</time>
      </trkpt>
      <trkpt lat="42.858166" lon="-0.288991">
        <ele>2062.639244</ele>
        <time>2026-07-04T14:26:43.998Z</time>
      </trkpt>
      <trkpt lat="42.858111" lon="-0.288892">
        <ele>2060.240311</ele>
        <time>2026-07-04T14:27:01.998Z</time>
      </trkpt>
      <trkpt lat="42.858095" lon="-0.288763">
        <ele>2057.713646</ele>
        <time>2026-07-04T14:27:13.999Z</time>
      </trkpt>
      <trkpt lat="42.858041" lon="-0.288656">
        <ele>2055.204888</ele>
        <time>2026-07-04T14:27:26.999Z</time>
      </trkpt>
      <trkpt lat="42.858016" lon="-0.288528">
        <ele>2052.646704</ele>
        <time>2026-07-04T14:27:47.999Z</time>
      </trkpt>
      <trkpt lat="42.858085" lon="-0.288443">
        <ele>2050.197406</ele>
        <time>2026-07-04T14:28:14.999Z</time>
      </trkpt>
      <trkpt lat="42.858099" lon="-0.288315">
        <ele>2047.698098</ele>
        <time>2026-07-04T14:28:43.998Z</time>
      </trkpt>
      <trkpt lat="42.858144" lon="-0.288199">
        <ele>2045.163543</ele>
        <time>2026-07-04T14:29:06.998Z</time>
      </trkpt>
      <trkpt lat="42.858206" lon="-0.288104">
        <ele>2042.707142</ele>
        <time>2026-07-04T14:29:22.999Z</time>
      </trkpt>
      <trkpt lat="42.858287" lon="-0.288046">
        <ele>2040.297083</ele>
        <time>2026-07-04T14:29:33.999Z</time>
      </trkpt>
      <trkpt lat="42.858379" lon="-0.288042">
        <ele>2037.872100</ele>
        <time>2026-07-04T14:29:49.999Z</time>
      </trkpt>
      <trkpt lat="42.858468" lon="-0.288008">
        <ele>2035.437180</ele>
        <time>2026-07-04T14:30:10.999Z</time>
      </trkpt>
      <trkpt lat="42.858541" lon="-0.287906">
        <ele>2032.684208</ele>
        <time>2026-07-04T14:30:29.999Z</time>
      </trkpt>
      <trkpt lat="42.858591" lon="-0.287804">
        <ele>2030.314538</ele>
        <time>2026-07-04T14:30:44.998Z</time>
      </trkpt>
      <trkpt lat="42.858678" lon="-0.287753">
        <ele>2027.819858</ele>
        <time>2026-07-04T14:31:05.998Z</time>
      </trkpt>
      <trkpt lat="42.858766" lon="-0.287704">
        <ele>2025.315802</ele>
        <time>2026-07-04T14:31:24.999Z</time>
      </trkpt>
      <trkpt lat="42.858845" lon="-0.287633">
        <ele>2022.823475</ele>
        <time>2026-07-04T14:31:39.999Z</time>
      </trkpt>
      <trkpt lat="42.858858" lon="-0.287507">
        <ele>2020.475629</ele>
        <time>2026-07-04T14:32:00.999Z</time>
      </trkpt>
      <trkpt lat="42.858936" lon="-0.287419">
        <ele>2017.934789</ele>
        <time>2026-07-04T14:32:15.999Z</time>
      </trkpt>
      <trkpt lat="42.859005" lon="-0.287339">
        <ele>2015.661660</ele>
        <time>2026-07-04T14:32:34.999Z</time>
      </trkpt>
      <trkpt lat="42.858986" lon="-0.287215">
        <ele>2013.330624</ele>
        <time>2026-07-04T14:32:50.998Z</time>
      </trkpt>
      <trkpt lat="42.858929" lon="-0.287101">
        <ele>2010.791388</ele>
        <time>2026-07-04T14:33:05.998Z</time>
      </trkpt>
      <trkpt lat="42.858973" lon="-0.286983">
        <ele>2008.355292</ele>
        <time>2026-07-04T14:33:18.998Z</time>
      </trkpt>
      <trkpt lat="42.858943" lon="-0.286864">
        <ele>2006.039696</ele>
        <time>2026-07-04T14:33:43.999Z</time>
      </trkpt>
      <trkpt lat="42.859300" lon="-0.286326">
        <ele>1992.686236</ele>
        <time>2026-07-04T14:49:21.998Z</time>
      </trkpt>
      <trkpt lat="42.859389" lon="-0.286333">
        <ele>1990.448394</ele>
        <time>2026-07-04T14:49:58.998Z</time>
      </trkpt>
      <trkpt lat="42.859480" lon="-0.286346">
        <ele>1988.151565</ele>
        <time>2026-07-04T14:51:09.999Z</time>
      </trkpt>
      <trkpt lat="42.859567" lon="-0.286388">
        <ele>1985.834928</ele>
        <time>2026-07-04T14:51:29.998Z</time>
      </trkpt>
      <trkpt lat="42.859660" lon="-0.286428">
        <ele>1983.387106</ele>
        <time>2026-07-04T14:51:49.998Z</time>
      </trkpt>
      <trkpt lat="42.859662" lon="-0.286299">
        <ele>1981.012876</ele>
        <time>2026-07-04T14:52:08.998Z</time>
      </trkpt>
      <trkpt lat="42.859676" lon="-0.286172">
        <ele>1978.649701</ele>
        <time>2026-07-04T14:52:29.999Z</time>
      </trkpt>
      <trkpt lat="42.859728" lon="-0.286070">
        <ele>1975.928944</ele>
        <time>2026-07-04T14:52:53.999Z</time>
      </trkpt>
      <trkpt lat="42.859792" lon="-0.285977">
        <ele>1972.711495</ele>
        <time>2026-07-04T14:53:15.998Z</time>
      </trkpt>
      <trkpt lat="42.859879" lon="-0.285928">
        <ele>1969.472805</ele>
        <time>2026-07-04T14:53:33.998Z</time>
      </trkpt>
      <trkpt lat="42.859967" lon="-0.285957">
        <ele>1966.357702</ele>
        <time>2026-07-04T14:53:53.999Z</time>
      </trkpt>
      <trkpt lat="42.860056" lon="-0.285987">
        <ele>1963.203187</ele>
        <time>2026-07-04T14:54:07.999Z</time>
      </trkpt>
      <trkpt lat="42.860036" lon="-0.286113">
        <ele>1959.951490</ele>
        <time>2026-07-04T14:54:24.000Z</time>
      </trkpt>
      <trkpt lat="42.860064" lon="-0.286235">
        <ele>1956.727036</ele>
        <time>2026-07-04T14:54:51.000Z</time>
      </trkpt>
      <trkpt lat="42.860143" lon="-0.286422">
        <ele>1951.283167</ele>
        <time>2026-07-04T14:56:36.000Z</time>
      </trkpt>
      <trkpt lat="42.860124" lon="-0.286543">
        <ele>1948.162004</ele>
        <time>2026-07-04T14:56:53.000Z</time>
      </trkpt>
      <trkpt lat="42.860161" lon="-0.286655">
        <ele>1945.063446</ele>
        <time>2026-07-04T14:57:09.000Z</time>
      </trkpt>
      <trkpt lat="42.860166" lon="-0.286790">
        <ele>1941.654066</ele>
        <time>2026-07-04T14:57:23.000Z</time>
      </trkpt>
      <trkpt lat="42.860256" lon="-0.286831">
        <ele>1938.389139</ele>
        <time>2026-07-04T14:57:56.999Z</time>
      </trkpt>
      <trkpt lat="42.860332" lon="-0.286763">
        <ele>1935.261776</ele>
        <time>2026-07-04T14:58:17.999Z</time>
      </trkpt>
      <trkpt lat="42.860403" lon="-0.286846">
        <ele>1932.044466</ele>
        <time>2026-07-04T14:58:37.000Z</time>
      </trkpt>
      <trkpt lat="42.860434" lon="-0.286965">
        <ele>1928.859093</ele>
        <time>2026-07-04T14:58:55.000Z</time>
      </trkpt>
      <trkpt lat="42.860474" lon="-0.287078">
        <ele>1925.694031</ele>
        <time>2026-07-04T14:59:11.000Z</time>
      </trkpt>
      <trkpt lat="42.860561" lon="-0.287036">
        <ele>1922.518524</ele>
        <time>2026-07-04T14:59:40.999Z</time>
      </trkpt>
      <trkpt lat="42.860599" lon="-0.287157">
        <ele>1919.198316</ele>
        <time>2026-07-04T14:59:59.999Z</time>
      </trkpt>
      <trkpt lat="42.860680" lon="-0.287089">
        <ele>1915.925733</ele>
        <time>2026-07-04T15:00:24.999Z</time>
      </trkpt>
      <trkpt lat="42.860754" lon="-0.287017">
        <ele>1913.357923</ele>
        <time>2026-07-04T15:00:49.000Z</time>
      </trkpt>
      <trkpt lat="42.860843" lon="-0.287000">
        <ele>1910.873429</ele>
        <time>2026-07-04T15:01:20.000Z</time>
      </trkpt>
      <trkpt lat="42.860854" lon="-0.286873">
        <ele>1908.281903</ele>
        <time>2026-07-04T15:01:33.000Z</time>
      </trkpt>
      <trkpt lat="42.860945" lon="-0.286894">
        <ele>1905.730379</ele>
        <time>2026-07-04T15:01:58.999Z</time>
      </trkpt>
      <trkpt lat="42.861007" lon="-0.286796">
        <ele>1903.107035</ele>
        <time>2026-07-04T15:02:25.999Z</time>
      </trkpt>
      <trkpt lat="42.861096" lon="-0.286834">
        <ele>1900.528854</ele>
        <time>2026-07-04T15:02:48.000Z</time>
      </trkpt>
      <trkpt lat="42.861174" lon="-0.286904">
        <ele>1897.947727</ele>
        <time>2026-07-04T15:03:14.000Z</time>
      </trkpt>
      <trkpt lat="42.861248" lon="-0.286830">
        <ele>1895.411182</ele>
        <time>2026-07-04T15:03:36.999Z</time>
      </trkpt>
      <trkpt lat="42.861297" lon="-0.286722">
        <ele>1892.837284</ele>
        <time>2026-07-04T15:03:53.999Z</time>
      </trkpt>
      <trkpt lat="42.861363" lon="-0.286638">
        <ele>1890.341915</ele>
        <time>2026-07-04T15:04:14.999Z</time>
      </trkpt>
      <trkpt lat="42.861445" lon="-0.286585">
        <ele>1887.833394</ele>
        <time>2026-07-04T15:04:33.999Z</time>
      </trkpt>
      <trkpt lat="42.861532" lon="-0.286537">
        <ele>1885.238950</ele>
        <time>2026-07-04T15:04:48.999Z</time>
      </trkpt>
      <trkpt lat="42.861619" lon="-0.286507">
        <ele>1882.758108</ele>
        <time>2026-07-04T15:05:04.000Z</time>
      </trkpt>
      <trkpt lat="42.861700" lon="-0.286443">
        <ele>1880.170330</ele>
        <time>2026-07-04T15:05:18.000Z</time>
      </trkpt>
      <trkpt lat="42.861795" lon="-0.286425">
        <ele>1877.518751</ele>
        <time>2026-07-04T15:05:30.000Z</time>
      </trkpt>
      <trkpt lat="42.861867" lon="-0.286331">
        <ele>1874.763645</ele>
        <time>2026-07-04T15:05:40.999Z</time>
      </trkpt>
      <trkpt lat="42.861959" lon="-0.286311">
        <ele>1872.188126</ele>
        <time>2026-07-04T15:05:50.999Z</time>
      </trkpt>
      <trkpt lat="42.862054" lon="-0.286317">
        <ele>1869.558943</ele>
        <time>2026-07-04T15:06:00.999Z</time>
      </trkpt>
      <trkpt lat="42.862127" lon="-0.286239">
        <ele>1866.995486</ele>
        <time>2026-07-04T15:06:15.999Z</time>
      </trkpt>
      <trkpt lat="42.862220" lon="-0.286239">
        <ele>1864.676963</ele>
        <time>2026-07-04T15:06:35.999Z</time>
      </trkpt>
      <trkpt lat="42.862311" lon="-0.286199">
        <ele>1862.479980</ele>
        <time>2026-07-04T15:06:54.999Z</time>
      </trkpt>
      <trkpt lat="42.862363" lon="-0.286090">
        <ele>1860.289409</ele>
        <time>2026-07-04T15:07:11.000Z</time>
      </trkpt>
      <trkpt lat="42.862455" lon="-0.286061">
        <ele>1858.119609</ele>
        <time>2026-07-04T15:07:30.000Z</time>
      </trkpt>
      <trkpt lat="42.862521" lon="-0.285971">
        <ele>1855.975262</ele>
        <time>2026-07-04T15:07:44.999Z</time>
      </trkpt>
      <trkpt lat="42.862602" lon="-0.286033">
        <ele>1853.840989</ele>
        <time>2026-07-04T15:07:58.999Z</time>
      </trkpt>
      <trkpt lat="42.862694" lon="-0.286031">
        <ele>1851.726618</ele>
        <time>2026-07-04T15:08:13.999Z</time>
      </trkpt>
      <trkpt lat="42.862776" lon="-0.285977">
        <ele>1849.634273</ele>
        <time>2026-07-04T15:08:34.999Z</time>
      </trkpt>
      <trkpt lat="42.862854" lon="-0.285853">
        <ele>1846.882017</ele>
        <time>2026-07-04T15:09:03.000Z</time>
      </trkpt>
      <trkpt lat="42.862906" lon="-0.285748">
        <ele>1844.747611</ele>
        <time>2026-07-04T15:09:17.000Z</time>
      </trkpt>
      <trkpt lat="42.862986" lon="-0.285689">
        <ele>1842.657849</ele>
        <time>2026-07-04T15:09:32.000Z</time>
      </trkpt>
      <trkpt lat="42.863051" lon="-0.285603">
        <ele>1840.577156</ele>
        <time>2026-07-04T15:09:43.000Z</time>
      </trkpt>
      <trkpt lat="42.863139" lon="-0.285581">
        <ele>1838.521299</ele>
        <time>2026-07-04T15:09:55.999Z</time>
      </trkpt>
      <trkpt lat="42.863230" lon="-0.285583">
        <ele>1836.429904</ele>
        <time>2026-07-04T15:10:09.999Z</time>
      </trkpt>
      <trkpt lat="42.863322" lon="-0.285551">
        <ele>1834.248175</ele>
        <time>2026-07-04T15:10:29.999Z</time>
      </trkpt>
      <trkpt lat="42.863390" lon="-0.285638">
        <ele>1832.105971</ele>
        <time>2026-07-04T15:10:59.999Z</time>
      </trkpt>
      <trkpt lat="42.863414" lon="-0.285759">
        <ele>1829.994622</ele>
        <time>2026-07-04T15:11:31.000Z</time>
      </trkpt>
      <trkpt lat="42.863485" lon="-0.285683">
        <ele>1827.920844</ele>
        <time>2026-07-04T15:11:49.999Z</time>
      </trkpt>
      <trkpt lat="42.863577" lon="-0.285693">
        <ele>1825.800042</ele>
        <time>2026-07-04T15:12:20.999Z</time>
      </trkpt>
      <trkpt lat="42.863661" lon="-0.285645">
        <ele>1823.718726</ele>
        <time>2026-07-04T15:12:50.999Z</time>
      </trkpt>
      <trkpt lat="42.863734" lon="-0.285722">
        <ele>1821.625827</ele>
        <time>2026-07-04T15:13:11.999Z</time>
      </trkpt>
      <trkpt lat="42.863797" lon="-0.285627">
        <ele>1819.495976</ele>
        <time>2026-07-04T15:14:00.999Z</time>
      </trkpt>
      <trkpt lat="42.863807" lon="-0.285492">
        <ele>1817.240177</ele>
        <time>2026-07-04T15:14:10.999Z</time>
      </trkpt>
      <trkpt lat="42.863846" lon="-0.285378">
        <ele>1815.148665</ele>
        <time>2026-07-04T15:14:29.999Z</time>
      </trkpt>
      <trkpt lat="42.863882" lon="-0.285261">
        <ele>1813.039114</ele>
        <time>2026-07-04T15:14:54.999Z</time>
      </trkpt>
      <trkpt lat="42.863933" lon="-0.285153">
        <ele>1810.903260</ele>
        <time>2026-07-04T15:15:11.999Z</time>
      </trkpt>
      <trkpt lat="42.863984" lon="-0.285042">
        <ele>1808.725313</ele>
        <time>2026-07-04T15:15:30.000Z</time>
      </trkpt>
      <trkpt lat="42.864074" lon="-0.285083">
        <ele>1806.573183</ele>
        <time>2026-07-04T15:15:48.000Z</time>
      </trkpt>
      <trkpt lat="42.864127" lon="-0.284981">
        <ele>1804.494574</ele>
        <time>2026-07-04T15:16:02.999Z</time>
      </trkpt>
      <trkpt lat="42.864181" lon="-0.284871">
        <ele>1802.293574</ele>
        <time>2026-07-04T15:16:23.999Z</time>
      </trkpt>
      <trkpt lat="42.864238" lon="-0.284774">
        <ele>1800.226702</ele>
        <time>2026-07-04T15:16:38.999Z</time>
      </trkpt>
      <trkpt lat="42.864215" lon="-0.284653">
        <ele>1798.148555</ele>
        <time>2026-07-04T15:16:52.999Z</time>
      </trkpt>
      <trkpt lat="42.864210" lon="-0.284529">
        <ele>1796.083960</ele>
        <time>2026-07-04T15:17:09.999Z</time>
      </trkpt>
      <trkpt lat="42.864298" lon="-0.284477">
        <ele>1793.908815</ele>
        <time>2026-07-04T15:17:25.000Z</time>
      </trkpt>
      <trkpt lat="42.864387" lon="-0.284451">
        <ele>1791.844401</ele>
        <time>2026-07-04T15:17:39.000Z</time>
      </trkpt>
      <trkpt lat="42.864472" lon="-0.284393">
        <ele>1789.688789</ele>
        <time>2026-07-04T15:17:53.000Z</time>
      </trkpt>
      <trkpt lat="42.864554" lon="-0.284331">
        <ele>1787.562387</ele>
        <time>2026-07-04T15:18:11.999Z</time>
      </trkpt>
      <trkpt lat="42.864628" lon="-0.284257">
        <ele>1785.481378</ele>
        <time>2026-07-04T15:18:30.999Z</time>
      </trkpt>
      <trkpt lat="42.864558" lon="-0.284167">
        <ele>1783.594848</ele>
        <time>2026-07-04T15:18:50.999Z</time>
      </trkpt>
      <trkpt lat="42.864578" lon="-0.284039">
        <ele>1782.720993</ele>
        <time>2026-07-04T15:19:17.999Z</time>
      </trkpt>
      <trkpt lat="42.864589" lon="-0.283914">
        <ele>1781.880380</ele>
        <time>2026-07-04T15:19:38.000Z</time>
      </trkpt>
      <trkpt lat="42.864675" lon="-0.283860">
        <ele>1781.017972</ele>
        <time>2026-07-04T15:20:03.999Z</time>
      </trkpt>
      <trkpt lat="42.864725" lon="-0.283755">
        <ele>1780.181927</ele>
        <time>2026-07-04T15:20:15.999Z</time>
      </trkpt>
      <trkpt lat="42.864765" lon="-0.283638">
        <ele>1779.319923</ele>
        <time>2026-07-04T15:20:26.999Z</time>
      </trkpt>
      <trkpt lat="42.864790" lon="-0.283520">
        <ele>1778.499791</ele>
        <time>2026-07-04T15:20:36.999Z</time>
      </trkpt>
      <trkpt lat="42.864821" lon="-0.283397">
        <ele>1777.631332</ele>
        <time>2026-07-04T15:20:47.999Z</time>
      </trkpt>
      <trkpt lat="42.864879" lon="-0.283296">
        <ele>1776.774634</ele>
        <time>2026-07-04T15:20:57.999Z</time>
      </trkpt>
      <trkpt lat="42.864939" lon="-0.283198">
        <ele>1775.922050</ele>
        <time>2026-07-04T15:21:07.999Z</time>
      </trkpt>
      <trkpt lat="42.864998" lon="-0.283090">
        <ele>1775.022683</ele>
        <time>2026-07-04T15:21:17.999Z</time>
      </trkpt>
      <trkpt lat="42.865034" lon="-0.282974">
        <ele>1774.181594</ele>
        <time>2026-07-04T15:21:30.999Z</time>
      </trkpt>
      <trkpt lat="42.865086" lon="-0.282867">
        <ele>1773.324391</ele>
        <time>2026-07-04T15:21:44.000Z</time>
      </trkpt>
      <trkpt lat="42.865137" lon="-0.282762">
        <ele>1772.483353</ele>
        <time>2026-07-04T15:21:56.000Z</time>
      </trkpt>
      <trkpt lat="42.865208" lon="-0.282673">
        <ele>1771.605033</ele>
        <time>2026-07-04T15:22:11.999Z</time>
      </trkpt>
      <trkpt lat="42.865299" lon="-0.282704">
        <ele>1770.750615</ele>
        <time>2026-07-04T15:22:24.999Z</time>
      </trkpt>
      <trkpt lat="42.865395" lon="-0.282721">
        <ele>1769.868764</ele>
        <time>2026-07-04T15:22:38.999Z</time>
      </trkpt>
      <trkpt lat="42.865491" lon="-0.282735">
        <ele>1768.989267</ele>
        <time>2026-07-04T15:22:51.999Z</time>
      </trkpt>
      <trkpt lat="42.865579" lon="-0.282687">
        <ele>1768.125937</ele>
        <time>2026-07-04T15:23:04.999Z</time>
      </trkpt>
      <trkpt lat="42.865669" lon="-0.282642">
        <ele>1767.356623</ele>
        <time>2026-07-04T15:23:16.999Z</time>
      </trkpt>
      <trkpt lat="42.865749" lon="-0.282586">
        <ele>1767.085148</ele>
        <time>2026-07-04T15:23:26.999Z</time>
      </trkpt>
      <trkpt lat="42.865839" lon="-0.282550">
        <ele>1766.801979</ele>
        <time>2026-07-04T15:23:50.000Z</time>
      </trkpt>
      <trkpt lat="42.865989" lon="-0.282348">
        <ele>1766.165639</ele>
        <time>2026-07-04T15:25:15.999Z</time>
      </trkpt>
      <trkpt lat="42.866040" lon="-0.282242">
        <ele>1765.885043</ele>
        <time>2026-07-04T15:25:24.999Z</time>
      </trkpt>
      <trkpt lat="42.866104" lon="-0.282151">
        <ele>1765.605953</ele>
        <time>2026-07-04T15:25:33.999Z</time>
      </trkpt>
      <trkpt lat="42.866180" lon="-0.282075">
        <ele>1765.321456</ele>
        <time>2026-07-04T15:25:42.999Z</time>
      </trkpt>
      <trkpt lat="42.866264" lon="-0.282004">
        <ele>1765.023115</ele>
        <time>2026-07-04T15:25:53.000Z</time>
      </trkpt>
      <trkpt lat="42.866361" lon="-0.281988">
        <ele>1764.728116</ele>
        <time>2026-07-04T15:26:04.000Z</time>
      </trkpt>
      <trkpt lat="42.866448" lon="-0.281942">
        <ele>1764.446407</ele>
        <time>2026-07-04T15:26:14.999Z</time>
      </trkpt>
      <trkpt lat="42.866538" lon="-0.281974">
        <ele>1764.165600</ele>
        <time>2026-07-04T15:26:27.999Z</time>
      </trkpt>
      <trkpt lat="42.866630" lon="-0.281941">
        <ele>1763.878391</ele>
        <time>2026-07-04T15:26:39.999Z</time>
      </trkpt>
      <trkpt lat="42.866697" lon="-0.281850">
        <ele>1763.592956</ele>
        <time>2026-07-04T15:26:52.999Z</time>
      </trkpt>
      <trkpt lat="42.866769" lon="-0.281774">
        <ele>1763.318108</ele>
        <time>2026-07-04T15:27:05.999Z</time>
      </trkpt>
      <trkpt lat="42.866797" lon="-0.281653">
        <ele>1763.037317</ele>
        <time>2026-07-04T15:27:17.999Z</time>
      </trkpt>
      <trkpt lat="42.866871" lon="-0.281571">
        <ele>1762.749488</ele>
        <time>2026-07-04T15:27:29.999Z</time>
      </trkpt>
      <trkpt lat="42.866963" lon="-0.281558">
        <ele>1762.470232</ele>
        <time>2026-07-04T15:27:42.999Z</time>
      </trkpt>
      <trkpt lat="42.867018" lon="-0.281458">
        <ele>1762.193565</ele>
        <time>2026-07-04T15:27:52.999Z</time>
      </trkpt>
      <trkpt lat="42.867012" lon="-0.281334">
        <ele>1761.915271</ele>
        <time>2026-07-04T15:28:08.000Z</time>
      </trkpt>
      <trkpt lat="42.867003" lon="-0.281202">
        <ele>1761.605520</ele>
        <time>2026-07-04T15:28:19.000Z</time>
      </trkpt>
      <trkpt lat="42.867017" lon="-0.281074">
        <ele>1761.303134</ele>
        <time>2026-07-04T15:28:27.999Z</time>
      </trkpt>
      <trkpt lat="42.867018" lon="-0.280950">
        <ele>1761.013389</ele>
        <time>2026-07-04T15:28:35.999Z</time>
      </trkpt>
      <trkpt lat="42.867058" lon="-0.280829">
        <ele>1760.703245</ele>
        <time>2026-07-04T15:28:44.999Z</time>
      </trkpt>
      <trkpt lat="42.867100" lon="-0.280719">
        <ele>1760.413444</ele>
        <time>2026-07-04T15:28:52.999Z</time>
      </trkpt>
      <trkpt lat="42.867166" lon="-0.280628">
        <ele>1760.114318</ele>
        <time>2026-07-04T15:29:02.999Z</time>
      </trkpt>
      <trkpt lat="42.867243" lon="-0.280557">
        <ele>1759.818051</ele>
        <time>2026-07-04T15:29:12.999Z</time>
      </trkpt>
      <trkpt lat="42.867297" lon="-0.280455">
        <ele>1759.524057</ele>
        <time>2026-07-04T15:29:26.999Z</time>
      </trkpt>
      <trkpt lat="42.867350" lon="-0.280337">
        <ele>1759.200698</ele>
        <time>2026-07-04T15:29:39.999Z</time>
      </trkpt>
      <trkpt lat="42.867404" lon="-0.280238">
        <ele>1758.912357</ele>
        <time>2026-07-04T15:29:54.999Z</time>
      </trkpt>
      <trkpt lat="42.867426" lon="-0.280112">
        <ele>1758.609720</ele>
        <time>2026-07-04T15:30:12.000Z</time>
      </trkpt>
      <trkpt lat="42.867441" lon="-0.279990">
        <ele>1758.320685</ele>
        <time>2026-07-04T15:30:24.999Z</time>
      </trkpt>
      <trkpt lat="42.867580" lon="-0.279796">
        <ele>1757.686796</ele>
        <time>2026-07-04T15:31:08.999Z</time>
      </trkpt>
      <trkpt lat="42.867646" lon="-0.279709">
        <ele>1757.394240</ele>
        <time>2026-07-04T15:31:23.999Z</time>
      </trkpt>
      <trkpt lat="42.867711" lon="-0.279616">
        <ele>1757.093984</ele>
        <time>2026-07-04T15:31:38.999Z</time>
      </trkpt>
      <trkpt lat="42.867779" lon="-0.279518">
        <ele>1756.778672</ele>
        <time>2026-07-04T15:31:52.999Z</time>
      </trkpt>
      <trkpt lat="42.867868" lon="-0.279495">
        <ele>1756.489906</ele>
        <time>2026-07-04T15:32:04.998Z</time>
      </trkpt>
      <trkpt lat="42.867957" lon="-0.279445">
        <ele>1756.224020</ele>
        <time>2026-07-04T15:32:20.000Z</time>
      </trkpt>
      <trkpt lat="42.868035" lon="-0.279382">
        <ele>1756.130203</ele>
        <time>2026-07-04T15:32:31.999Z</time>
      </trkpt>
      <trkpt lat="42.868109" lon="-0.279309">
        <ele>1756.035690</ele>
        <time>2026-07-04T15:32:47.999Z</time>
      </trkpt>
      <trkpt lat="42.868167" lon="-0.279211">
        <ele>1755.940136</ele>
        <time>2026-07-04T15:33:02.999Z</time>
      </trkpt>
      <trkpt lat="42.868234" lon="-0.279125">
        <ele>1755.844926</ele>
        <time>2026-07-04T15:33:13.999Z</time>
      </trkpt>
      <trkpt lat="42.868296" lon="-0.279035">
        <ele>1755.751229</ele>
        <time>2026-07-04T15:33:24.999Z</time>
      </trkpt>
      <trkpt lat="42.868366" lon="-0.278946">
        <ele>1755.652197</ele>
        <time>2026-07-04T15:33:34.999Z</time>
      </trkpt>
      <trkpt lat="42.868451" lon="-0.278876">
        <ele>1755.549437</ele>
        <time>2026-07-04T15:33:44.999Z</time>
      </trkpt>
      <trkpt lat="42.868536" lon="-0.278828">
        <ele>1755.454223</ele>
        <time>2026-07-04T15:33:58.999Z</time>
      </trkpt>
      <trkpt lat="42.868601" lon="-0.278730">
        <ele>1755.353960</ele>
        <time>2026-07-04T15:34:11.000Z</time>
      </trkpt>
      <trkpt lat="42.868659" lon="-0.278633">
        <ele>1755.258996</ele>
        <time>2026-07-04T15:34:21.000Z</time>
      </trkpt>
      <trkpt lat="42.868692" lon="-0.278514">
        <ele>1755.162479</ele>
        <time>2026-07-04T15:34:30.999Z</time>
      </trkpt>
      <trkpt lat="42.868772" lon="-0.278441">
        <ele>1755.062867</ele>
        <time>2026-07-04T15:34:41.999Z</time>
      </trkpt>
      <trkpt lat="42.868847" lon="-0.278360">
        <ele>1754.963865</ele>
        <time>2026-07-04T15:34:51.999Z</time>
      </trkpt>
      <trkpt lat="42.868930" lon="-0.278302">
        <ele>1754.867347</ele>
        <time>2026-07-04T15:35:03.999Z</time>
      </trkpt>
      <trkpt lat="42.869008" lon="-0.278224">
        <ele>1754.767254</ele>
        <time>2026-07-04T15:35:17.999Z</time>
      </trkpt>
      <trkpt lat="42.868994" lon="-0.278098">
        <ele>1754.670581</ele>
        <time>2026-07-04T15:35:32.999Z</time>
      </trkpt>
      <trkpt lat="42.868989" lon="-0.277973">
        <ele>1754.575618</ele>
        <time>2026-07-04T15:35:47.999Z</time>
      </trkpt>
      <trkpt lat="42.868985" lon="-0.277846">
        <ele>1754.479189</ele>
        <time>2026-07-04T15:36:01.999Z</time>
      </trkpt>
      <trkpt lat="42.868981" lon="-0.277721">
        <ele>1754.384277</ele>
        <time>2026-07-04T15:36:13.998Z</time>
      </trkpt>
      <trkpt lat="42.868947" lon="-0.277600">
        <ele>1753.993389</ele>
        <time>2026-07-04T15:36:28.000Z</time>
      </trkpt>
      <trkpt lat="42.868937" lon="-0.277469">
        <ele>1753.589288</ele>
        <time>2026-07-04T15:36:41.999Z</time>
      </trkpt>
      <trkpt lat="42.868895" lon="-0.277352">
        <ele>1753.189570</ele>
        <time>2026-07-04T15:36:55.999Z</time>
      </trkpt>
      <trkpt lat="42.868924" lon="-0.277234">
        <ele>1752.807717</ele>
        <time>2026-07-04T15:37:15.999Z</time>
      </trkpt>
      <trkpt lat="42.868938" lon="-0.277103">
        <ele>1752.401540</ele>
        <time>2026-07-04T15:37:31.999Z</time>
      </trkpt>
      <trkpt lat="42.868960" lon="-0.276979">
        <ele>1752.010102</ele>
        <time>2026-07-04T15:37:44.999Z</time>
      </trkpt>
      <trkpt lat="42.869029" lon="-0.276895">
        <ele>1751.622990</ele>
        <time>2026-07-04T15:37:58.999Z</time>
      </trkpt>
      <trkpt lat="42.869063" lon="-0.276776">
        <ele>1751.231120</ele>
        <time>2026-07-04T15:38:11.999Z</time>
      </trkpt>
      <trkpt lat="42.869092" lon="-0.276656">
        <ele>1750.843445</ele>
        <time>2026-07-04T15:38:26.000Z</time>
      </trkpt>
      <trkpt lat="42.869132" lon="-0.276535">
        <ele>1750.436184</ele>
        <time>2026-07-04T15:38:38.999Z</time>
      </trkpt>
      <trkpt lat="42.869179" lon="-0.276423">
        <ele>1750.040212</ele>
        <time>2026-07-04T15:38:52.999Z</time>
      </trkpt>
      <trkpt lat="42.869313" lon="-0.276236">
        <ele>1749.237811</ele>
        <time>2026-07-04T15:39:38.999Z</time>
      </trkpt>
      <trkpt lat="42.869383" lon="-0.276146">
        <ele>1748.835171</ele>
        <time>2026-07-04T15:39:50.999Z</time>
      </trkpt>
      <trkpt lat="42.869389" lon="-0.276020">
        <ele>1748.447773</ele>
        <time>2026-07-04T15:40:06.999Z</time>
      </trkpt>
      <trkpt lat="42.869373" lon="-0.275894">
        <ele>1748.055431</ele>
        <time>2026-07-04T15:40:23.998Z</time>
      </trkpt>
      <trkpt lat="42.869399" lon="-0.275767">
        <ele>1747.650863</ele>
        <time>2026-07-04T15:40:42.999Z</time>
      </trkpt>
      <trkpt lat="42.869431" lon="-0.275649">
        <ele>1747.264837</ele>
        <time>2026-07-04T15:40:57.999Z</time>
      </trkpt>
      <trkpt lat="42.869442" lon="-0.275527">
        <ele>1746.887705</ele>
        <time>2026-07-04T15:41:16.999Z</time>
      </trkpt>
      <trkpt lat="42.869494" lon="-0.275417">
        <ele>1745.885825</ele>
        <time>2026-07-04T15:41:37.999Z</time>
      </trkpt>
      <trkpt lat="42.869483" lon="-0.275291">
        <ele>1744.858752</ele>
        <time>2026-07-04T15:42:03.999Z</time>
      </trkpt>
      <trkpt lat="42.869529" lon="-0.275179">
        <ele>1743.819566</ele>
        <time>2026-07-04T15:42:16.999Z</time>
      </trkpt>
      <trkpt lat="42.869484" lon="-0.275071">
        <ele>1742.814004</ele>
        <time>2026-07-04T15:42:34.999Z</time>
      </trkpt>
      <trkpt lat="42.869433" lon="-0.274966">
        <ele>1741.794423</ele>
        <time>2026-07-04T15:42:51.999Z</time>
      </trkpt>
      <trkpt lat="42.869360" lon="-0.274893">
        <ele>1740.794872</ele>
        <time>2026-07-04T15:43:14.999Z</time>
      </trkpt>
      <trkpt lat="42.869279" lon="-0.274834">
        <ele>1739.780824</ele>
        <time>2026-07-04T15:43:36.999Z</time>
      </trkpt>
      <trkpt lat="42.869219" lon="-0.274741">
        <ele>1738.777963</ele>
        <time>2026-07-04T15:44:00.999Z</time>
      </trkpt>
      <trkpt lat="42.869161" lon="-0.274647">
        <ele>1737.783377</ele>
        <time>2026-07-04T15:44:18.999Z</time>
      </trkpt>
      <trkpt lat="42.869107" lon="-0.274541">
        <ele>1736.738486</ele>
        <time>2026-07-04T15:44:33.998Z</time>
      </trkpt>
      <trkpt lat="42.869043" lon="-0.274451">
        <ele>1735.723468</ele>
        <time>2026-07-04T15:44:47.999Z</time>
      </trkpt>
      <trkpt lat="42.869047" lon="-0.274322">
        <ele>1734.678381</ele>
        <time>2026-07-04T15:45:03.999Z</time>
      </trkpt>
      <trkpt lat="42.869070" lon="-0.274195">
        <ele>1733.619498</ele>
        <time>2026-07-04T15:45:14.999Z</time>
      </trkpt>
      <trkpt lat="42.869054" lon="-0.274073">
        <ele>1732.616320</ele>
        <time>2026-07-04T15:45:24.999Z</time>
      </trkpt>
      <trkpt lat="42.869031" lon="-0.273950">
        <ele>1731.588840</ele>
        <time>2026-07-04T15:45:38.999Z</time>
      </trkpt>
      <trkpt lat="42.868982" lon="-0.273833">
        <ele>1730.498107</ele>
        <time>2026-07-04T15:45:52.999Z</time>
      </trkpt>
      <trkpt lat="42.868986" lon="-0.273705">
        <ele>1729.461106</ele>
        <time>2026-07-04T15:46:07.999Z</time>
      </trkpt>
      <trkpt lat="42.868973" lon="-0.273582">
        <ele>1728.455218</ele>
        <time>2026-07-04T15:46:19.999Z</time>
      </trkpt>
      <trkpt lat="42.868988" lon="-0.273459">
        <ele>1727.445942</ele>
        <time>2026-07-04T15:46:35.998Z</time>
      </trkpt>
      <trkpt lat="42.869007" lon="-0.273335">
        <ele>1725.805505</ele>
        <time>2026-07-04T15:46:53.999Z</time>
      </trkpt>
      <trkpt lat="42.869017" lon="-0.273204">
        <ele>1723.584818</ele>
        <time>2026-07-04T15:47:09.999Z</time>
      </trkpt>
      <trkpt lat="42.869027" lon="-0.273078">
        <ele>1721.447963</ele>
        <time>2026-07-04T15:47:25.999Z</time>
      </trkpt>
      <trkpt lat="42.869072" lon="-0.272965">
        <ele>1719.279634</ele>
        <time>2026-07-04T15:47:37.999Z</time>
      </trkpt>
      <trkpt lat="42.869141" lon="-0.272799">
        <ele>1716.061987</ele>
        <time>2026-07-04T15:48:46.998Z</time>
      </trkpt>
      <trkpt lat="42.869206" lon="-0.272714">
        <ele>1713.990779</ele>
        <time>2026-07-04T15:49:11.999Z</time>
      </trkpt>
      <trkpt lat="42.869239" lon="-0.272595">
        <ele>1711.845554</ele>
        <time>2026-07-04T15:49:45.999Z</time>
      </trkpt>
      <trkpt lat="42.869296" lon="-0.272492">
        <ele>1709.669465</ele>
        <time>2026-07-04T15:49:59.999Z</time>
      </trkpt>
      <trkpt lat="42.869351" lon="-0.272383">
        <ele>1707.438229</ele>
        <time>2026-07-04T15:50:10.999Z</time>
      </trkpt>
      <trkpt lat="42.869342" lon="-0.272259">
        <ele>1705.337299</ele>
        <time>2026-07-04T15:50:28.999Z</time>
      </trkpt>
      <trkpt lat="42.869347" lon="-0.272129">
        <ele>1703.142417</ele>
        <time>2026-07-04T15:50:43.998Z</time>
      </trkpt>
      <trkpt lat="42.869330" lon="-0.272005">
        <ele>1701.015450</ele>
        <time>2026-07-04T15:50:59.999Z</time>
      </trkpt>
      <trkpt lat="42.869329" lon="-0.271881">
        <ele>1698.924620</ele>
        <time>2026-07-04T15:51:24.999Z</time>
      </trkpt>
      <trkpt lat="42.869416" lon="-0.271844">
        <ele>1696.828216</ele>
        <time>2026-07-04T15:51:41.999Z</time>
      </trkpt>
      <trkpt lat="42.869452" lon="-0.271730">
        <ele>1694.735293</ele>
        <time>2026-07-04T15:52:25.999Z</time>
      </trkpt>
      <trkpt lat="42.869418" lon="-0.271613">
        <ele>1692.613208</ele>
        <time>2026-07-04T15:52:40.998Z</time>
      </trkpt>
      <trkpt lat="42.869369" lon="-0.271510">
        <ele>1690.542806</ele>
        <time>2026-07-04T15:53:09.999Z</time>
      </trkpt>
      <trkpt lat="42.869350" lon="-0.271383">
        <ele>1688.357365</ele>
        <time>2026-07-04T15:53:35.999Z</time>
      </trkpt>
      <trkpt lat="42.869349" lon="-0.271260">
        <ele>1686.283395</ele>
        <time>2026-07-04T15:53:53.999Z</time>
      </trkpt>
      <trkpt lat="42.869313" lon="-0.271139">
        <ele>1683.672206</ele>
        <time>2026-07-04T15:54:13.999Z</time>
      </trkpt>
      <trkpt lat="42.869367" lon="-0.271039">
        <ele>1681.017249</ele>
        <time>2026-07-04T15:54:24.999Z</time>
      </trkpt>
      <trkpt lat="42.869368" lon="-0.270910">
        <ele>1678.259799</ele>
        <time>2026-07-04T15:54:42.998Z</time>
      </trkpt>
      <trkpt lat="42.869350" lon="-0.270785">
        <ele>1675.536918</ele>
        <time>2026-07-04T15:55:03.998Z</time>
      </trkpt>
      <trkpt lat="42.869325" lon="-0.270658">
        <ele>1672.726161</ele>
        <time>2026-07-04T15:55:22.999Z</time>
      </trkpt>
      <trkpt lat="42.869314" lon="-0.270532">
        <ele>1670.013947</ele>
        <time>2026-07-04T15:55:43.999Z</time>
      </trkpt>
      <trkpt lat="42.869320" lon="-0.270407">
        <ele>1667.336422</ele>
        <time>2026-07-04T15:56:02.999Z</time>
      </trkpt>
      <trkpt lat="42.869292" lon="-0.270288">
        <ele>1664.665001</ele>
        <time>2026-07-04T15:56:29.999Z</time>
      </trkpt>
      <trkpt lat="42.869353" lon="-0.270194">
        <ele>1661.981406</ele>
        <time>2026-07-04T15:56:49.998Z</time>
      </trkpt>
      <trkpt lat="42.869402" lon="-0.270089">
        <ele>1659.320757</ele>
        <time>2026-07-04T15:57:14.999Z</time>
      </trkpt>
      <trkpt lat="42.869477" lon="-0.270001">
        <ele>1656.435937</ele>
        <time>2026-07-04T15:57:34.999Z</time>
      </trkpt>
      <trkpt lat="42.869511" lon="-0.269883">
        <ele>1653.725851</ele>
        <time>2026-07-04T15:57:54.999Z</time>
      </trkpt>
      <trkpt lat="42.869492" lon="-0.269747">
        <ele>1650.766599</ele>
        <time>2026-07-04T15:58:08.999Z</time>
      </trkpt>
      <trkpt lat="42.869460" lon="-0.269623">
        <ele>1647.956676</ele>
        <time>2026-07-04T15:58:27.999Z</time>
      </trkpt>
      <trkpt lat="42.869480" lon="-0.269487">
        <ele>1644.991824</ele>
        <time>2026-07-04T15:59:08.998Z</time>
      </trkpt>
      <trkpt lat="42.869530" lon="-0.269380">
        <ele>1642.279455</ele>
        <time>2026-07-04T15:59:31.999Z</time>
      </trkpt>
      <trkpt lat="42.869604" lon="-0.269298">
        <ele>1639.499267</ele>
        <time>2026-07-04T15:59:46.999Z</time>
      </trkpt>
      <trkpt lat="42.869677" lon="-0.269217">
        <ele>1636.755194</ele>
        <time>2026-07-04T16:00:03.999Z</time>
      </trkpt>
      <trkpt lat="42.869612" lon="-0.269112">
        <ele>1633.817443</ele>
        <time>2026-07-04T16:00:31.999Z</time>
      </trkpt>
      <trkpt lat="42.869531" lon="-0.269047">
        <ele>1631.696203</ele>
        <time>2026-07-04T16:00:42.999Z</time>
      </trkpt>
      <trkpt lat="42.869484" lon="-0.268942">
        <ele>1629.850010</ele>
        <time>2026-07-04T16:00:52.998Z</time>
      </trkpt>
      <trkpt lat="42.869432" lon="-0.268836">
        <ele>1627.935999</ele>
        <time>2026-07-04T16:01:02.998Z</time>
      </trkpt>
      <trkpt lat="42.869372" lon="-0.268734">
        <ele>1625.973426</ele>
        <time>2026-07-04T16:01:14.998Z</time>
      </trkpt>
      <trkpt lat="42.869280" lon="-0.268716">
        <ele>1624.070549</ele>
        <time>2026-07-04T16:01:26.999Z</time>
      </trkpt>
      <trkpt lat="42.869245" lon="-0.268603">
        <ele>1622.229718</ele>
        <time>2026-07-04T16:01:41.999Z</time>
      </trkpt>
      <trkpt lat="42.869217" lon="-0.268485">
        <ele>1620.368570</ele>
        <time>2026-07-04T16:01:54.999Z</time>
      </trkpt>
      <trkpt lat="42.869273" lon="-0.268384">
        <ele>1618.468176</ele>
        <time>2026-07-04T16:02:13.999Z</time>
      </trkpt>
      <trkpt lat="42.869281" lon="-0.268254">
        <ele>1616.510589</ele>
        <time>2026-07-04T16:02:33.999Z</time>
      </trkpt>
      <trkpt lat="42.869255" lon="-0.268130">
        <ele>1614.575249</ele>
        <time>2026-07-04T16:02:45.999Z</time>
      </trkpt>
      <trkpt lat="42.869247" lon="-0.268004">
        <ele>1612.677466</ele>
        <time>2026-07-04T16:02:56.998Z</time>
      </trkpt>
      <trkpt lat="42.869157" lon="-0.267985">
        <ele>1610.812878</ele>
        <time>2026-07-04T16:03:09.998Z</time>
      </trkpt>
      <trkpt lat="42.869070" lon="-0.267955">
        <ele>1608.975635</ele>
        <time>2026-07-04T16:03:28.998Z</time>
      </trkpt>
      <trkpt lat="42.868998" lon="-0.267879">
        <ele>1607.111867</ele>
        <time>2026-07-04T16:03:43.999Z</time>
      </trkpt>
      <trkpt lat="42.868908" lon="-0.267810">
        <ele>1604.998236</ele>
        <time>2026-07-04T16:04:02.999Z</time>
      </trkpt>
      <trkpt lat="42.868839" lon="-0.267717">
        <ele>1603.012478</ele>
        <time>2026-07-04T16:04:15.999Z</time>
      </trkpt>
      <trkpt lat="42.868783" lon="-0.267621">
        <ele>1601.171355</ele>
        <time>2026-07-04T16:04:35.999Z</time>
      </trkpt>
      <trkpt lat="42.868701" lon="-0.267552">
        <ele>1599.198884</ele>
        <time>2026-07-04T16:04:54.999Z</time>
      </trkpt>
      <trkpt lat="42.868624" lon="-0.267484">
        <ele>1597.320975</ele>
        <time>2026-07-04T16:05:05.998Z</time>
      </trkpt>
      <trkpt lat="42.868585" lon="-0.267370">
        <ele>1595.538107</ele>
        <time>2026-07-04T16:05:23.998Z</time>
      </trkpt>
      <trkpt lat="42.868533" lon="-0.267270">
        <ele>1593.913577</ele>
        <time>2026-07-04T16:05:36.999Z</time>
      </trkpt>
      <trkpt lat="42.868471" lon="-0.267177">
        <ele>1592.247899</ele>
        <time>2026-07-04T16:05:50.999Z</time>
      </trkpt>
      <trkpt lat="42.868433" lon="-0.267053">
        <ele>1590.467150</ele>
        <time>2026-07-04T16:06:06.999Z</time>
      </trkpt>
      <trkpt lat="42.868416" lon="-0.266928">
        <ele>1588.782713</ele>
        <time>2026-07-04T16:06:25.999Z</time>
      </trkpt>
      <trkpt lat="42.868376" lon="-0.266807">
        <ele>1587.024013</ele>
        <time>2026-07-04T16:06:40.999Z</time>
      </trkpt>
      <trkpt lat="42.868377" lon="-0.266684">
        <ele>1585.394245</ele>
        <time>2026-07-04T16:06:55.999Z</time>
      </trkpt>
      <trkpt lat="42.868373" lon="-0.266561">
        <ele>1583.762973</ele>
        <time>2026-07-04T16:07:11.998Z</time>
      </trkpt>
      <trkpt lat="42.868377" lon="-0.266434">
        <ele>1582.078754</ele>
        <time>2026-07-04T16:07:30.998Z</time>
      </trkpt>
      <trkpt lat="42.868349" lon="-0.266312">
        <ele>1580.384936</ele>
        <time>2026-07-04T16:07:45.999Z</time>
      </trkpt>
      <trkpt lat="42.868426" lon="-0.266244">
        <ele>1578.726837</ele>
        <time>2026-07-04T16:08:04.999Z</time>
      </trkpt>
      <trkpt lat="42.868507" lon="-0.266189">
        <ele>1577.091254</ele>
        <time>2026-07-04T16:08:26.999Z</time>
      </trkpt>
      <trkpt lat="42.868524" lon="-0.266066">
        <ele>1575.432866</ele>
        <time>2026-07-04T16:09:05.998Z</time>
      </trkpt>
      <trkpt lat="42.868606" lon="-0.266002">
        <ele>1573.725118</ele>
        <time>2026-07-04T16:09:29.998Z</time>
      </trkpt>
      <trkpt lat="42.868695" lon="-0.266027">
        <ele>1572.082478</ele>
        <time>2026-07-04T16:09:45.998Z</time>
      </trkpt>
      <trkpt lat="42.868788" lon="-0.266057">
        <ele>1570.354922</ele>
        <time>2026-07-04T16:09:56.999Z</time>
      </trkpt>
      <trkpt lat="42.868858" lon="-0.266143">
        <ele>1568.652098</ele>
        <time>2026-07-04T16:10:06.999Z</time>
      </trkpt>
      <trkpt lat="42.868956" lon="-0.266129">
        <ele>1566.870818</ele>
        <time>2026-07-04T16:10:18.999Z</time>
      </trkpt>
      <trkpt lat="42.869047" lon="-0.266111">
        <ele>1565.208569</ele>
        <time>2026-07-04T16:10:29.999Z</time>
      </trkpt>
      <trkpt lat="42.869147" lon="-0.266098">
        <ele>1563.752657</ele>
        <time>2026-07-04T16:10:39.999Z</time>
      </trkpt>
      <trkpt lat="42.869240" lon="-0.266087">
        <ele>1563.503890</ele>
        <time>2026-07-04T16:10:49.999Z</time>
      </trkpt>
      <trkpt lat="42.869329" lon="-0.266065">
        <ele>1563.262852</ele>
        <time>2026-07-04T16:10:59.999Z</time>
      </trkpt>
      <trkpt lat="42.869424" lon="-0.266035">
        <ele>1563.002993</ele>
        <time>2026-07-04T16:11:11.998Z</time>
      </trkpt>
      <trkpt lat="42.869518" lon="-0.266067">
        <ele>1562.744811</ele>
        <time>2026-07-04T16:11:20.998Z</time>
      </trkpt>
      <trkpt lat="42.869605" lon="-0.266125">
        <ele>1562.486768</ele>
        <time>2026-07-04T16:11:29.998Z</time>
      </trkpt>
      <trkpt lat="42.869695" lon="-0.266130">
        <ele>1562.246727</ele>
        <time>2026-07-04T16:11:37.998Z</time>
      </trkpt>
      <trkpt lat="42.869791" lon="-0.266100">
        <ele>1561.984271</ele>
        <time>2026-07-04T16:11:47.998Z</time>
      </trkpt>
      <trkpt lat="42.869889" lon="-0.266090">
        <ele>1561.722379</ele>
        <time>2026-07-04T16:11:56.999Z</time>
      </trkpt>
      <trkpt lat="42.869983" lon="-0.266080">
        <ele>1561.471117</ele>
        <time>2026-07-04T16:12:05.999Z</time>
      </trkpt>
      <trkpt lat="42.870081" lon="-0.266077">
        <ele>1561.209889</ele>
        <time>2026-07-04T16:12:16.999Z</time>
      </trkpt>
      <trkpt lat="42.870166" lon="-0.266007">
        <ele>1560.945310</ele>
        <time>2026-07-04T16:12:26.999Z</time>
      </trkpt>
      <trkpt lat="42.870227" lon="-0.265896">
        <ele>1560.674338</ele>
        <time>2026-07-04T16:12:37.999Z</time>
      </trkpt>
      <trkpt lat="42.870308" lon="-0.265828">
        <ele>1560.420894</ele>
        <time>2026-07-04T16:12:48.999Z</time>
      </trkpt>
      <trkpt lat="42.870397" lon="-0.265852">
        <ele>1560.179129</ele>
        <time>2026-07-04T16:12:58.999Z</time>
      </trkpt>
      <trkpt lat="42.870463" lon="-0.265936">
        <ele>1559.938606</ele>
        <time>2026-07-04T16:13:07.999Z</time>
      </trkpt>
      <trkpt lat="42.870549" lon="-0.265992">
        <ele>1559.684662</ele>
        <time>2026-07-04T16:13:17.998Z</time>
      </trkpt>
      <trkpt lat="42.870630" lon="-0.266068">
        <ele>1559.422693</ele>
        <time>2026-07-04T16:13:27.998Z</time>
      </trkpt>
      <trkpt lat="42.870646" lon="-0.266197">
        <ele>1559.167161</ele>
        <time>2026-07-04T16:13:37.998Z</time>
      </trkpt>
      <trkpt lat="42.870686" lon="-0.266307">
        <ele>1558.982563</ele>
        <time>2026-07-04T16:13:47.998Z</time>
      </trkpt>
      <trkpt lat="42.870761" lon="-0.266387">
        <ele>1558.877396</ele>
        <time>2026-07-04T16:14:00.999Z</time>
      </trkpt>
      <trkpt lat="42.870855" lon="-0.266372">
        <ele>1558.772845</ele>
        <time>2026-07-04T16:14:11.999Z</time>
      </trkpt>
      <trkpt lat="42.870940" lon="-0.266419">
        <ele>1558.671527</ele>
        <time>2026-07-04T16:14:22.999Z</time>
      </trkpt>
      <trkpt lat="42.870996" lon="-0.266519">
        <ele>1558.569634</ele>
        <time>2026-07-04T16:14:33.999Z</time>
      </trkpt>
      <trkpt lat="42.871079" lon="-0.266567">
        <ele>1558.470046</ele>
        <time>2026-07-04T16:14:43.999Z</time>
      </trkpt>
      <trkpt lat="42.871147" lon="-0.266649">
        <ele>1558.369793</ele>
        <time>2026-07-04T16:14:52.999Z</time>
      </trkpt>
      <trkpt lat="42.871200" lon="-0.266762">
        <ele>1558.261173</ele>
        <time>2026-07-04T16:15:02.999Z</time>
      </trkpt>
      <trkpt lat="42.871252" lon="-0.266871">
        <ele>1558.155874</ele>
        <time>2026-07-04T16:15:11.999Z</time>
      </trkpt>
      <trkpt lat="42.871330" lon="-0.266948">
        <ele>1558.049519</ele>
        <time>2026-07-04T16:15:22.998Z</time>
      </trkpt>
      <trkpt lat="42.871417" lon="-0.266979">
        <ele>1557.950186</ele>
        <time>2026-07-04T16:15:31.998Z</time>
      </trkpt>
      <trkpt lat="42.871509" lon="-0.266978">
        <ele>1557.848549</ele>
        <time>2026-07-04T16:15:42.998Z</time>
      </trkpt>
      <trkpt lat="42.871601" lon="-0.266946">
        <ele>1557.743664</ele>
        <time>2026-07-04T16:15:53.998Z</time>
      </trkpt>
      <trkpt lat="42.871696" lon="-0.266921">
        <ele>1557.636782</ele>
        <time>2026-07-04T16:16:03.998Z</time>
      </trkpt>
      <trkpt lat="42.871794" lon="-0.266925">
        <ele>1557.528472</ele>
        <time>2026-07-04T16:16:12.999Z</time>
      </trkpt>
      <trkpt lat="42.871891" lon="-0.266962">
        <ele>1557.417206</ele>
        <time>2026-07-04T16:16:25.999Z</time>
      </trkpt>
      <trkpt lat="42.871981" lon="-0.267009">
        <ele>1557.310748</ele>
        <time>2026-07-04T16:16:35.999Z</time>
      </trkpt>
      <trkpt lat="42.872071" lon="-0.266984">
        <ele>1557.209284</ele>
        <time>2026-07-04T16:16:45.999Z</time>
      </trkpt>
      <trkpt lat="42.872165" lon="-0.266986">
        <ele>1557.105428</ele>
        <time>2026-07-04T16:16:56.999Z</time>
      </trkpt>
      <trkpt lat="42.872254" lon="-0.267037">
        <ele>1557.021557</ele>
        <time>2026-07-04T16:17:07.999Z</time>
      </trkpt>
      <trkpt lat="42.872346" lon="-0.267012">
        <ele>1556.983665</ele>
        <time>2026-07-04T16:17:17.999Z</time>
      </trkpt>
      <trkpt lat="42.872438" lon="-0.267008">
        <ele>1556.946485</ele>
        <time>2026-07-04T16:17:27.998Z</time>
      </trkpt>
      <trkpt lat="42.872521" lon="-0.266940">
        <ele>1556.907379</ele>
        <time>2026-07-04T16:17:38.998Z</time>
      </trkpt>
      <trkpt lat="42.872600" lon="-0.266868">
        <ele>1556.869005</ele>
        <time>2026-07-04T16:17:49.998Z</time>
      </trkpt>
      <trkpt lat="42.872689" lon="-0.266838">
        <ele>1556.831974</ele>
        <time>2026-07-04T16:18:00.998Z</time>
      </trkpt>
      <trkpt lat="42.872779" lon="-0.266773">
        <ele>1556.790842</ele>
        <time>2026-07-04T16:18:11.999Z</time>
      </trkpt>
      <trkpt lat="42.872868" lon="-0.266726">
        <ele>1556.752294</ele>
        <time>2026-07-04T16:18:22.999Z</time>
      </trkpt>
      <trkpt lat="42.872960" lon="-0.266718">
        <ele>1556.715056</ele>
        <time>2026-07-04T16:18:35.999Z</time>
      </trkpt>
      <trkpt lat="42.873051" lon="-0.266719">
        <ele>1556.678297</ele>
        <time>2026-07-04T16:18:46.999Z</time>
      </trkpt>
      <trkpt lat="42.873147" lon="-0.266710">
        <ele>1556.639428</ele>
        <time>2026-07-04T16:18:56.999Z</time>
      </trkpt>
      <trkpt lat="42.873240" lon="-0.266703">
        <ele>1556.601805</ele>
        <time>2026-07-04T16:19:06.999Z</time>
      </trkpt>
      <trkpt lat="42.873329" lon="-0.266684">
        <ele>1556.565418</ele>
        <time>2026-07-04T16:19:16.999Z</time>
      </trkpt>
      <trkpt lat="42.873430" lon="-0.266684">
        <ele>1556.524621</ele>
        <time>2026-07-04T16:19:26.999Z</time>
      </trkpt>
      <trkpt lat="42.873506" lon="-0.266619">
        <ele>1556.488390</ele>
        <time>2026-07-04T16:19:35.998Z</time>
      </trkpt>
      <trkpt lat="42.873595" lon="-0.266588">
        <ele>1556.451287</ele>
        <time>2026-07-04T16:19:45.998Z</time>
      </trkpt>
      <trkpt lat="42.873682" lon="-0.266533">
        <ele>1556.412557</ele>
        <time>2026-07-04T16:19:55.998Z</time>
      </trkpt>
      <trkpt lat="42.873749" lon="-0.266445">
        <ele>1556.374993</ele>
        <time>2026-07-04T16:20:05.998Z</time>
      </trkpt>
      <trkpt lat="42.873838" lon="-0.266412">
        <ele>1556.337739</ele>
        <time>2026-07-04T16:20:14.998Z</time>
      </trkpt>
      <trkpt lat="42.873935" lon="-0.266412">
        <ele>1556.130714</ele>
        <time>2026-07-04T16:20:24.999Z</time>
      </trkpt>
      <trkpt lat="42.874015" lon="-0.266346">
        <ele>1555.432116</ele>
        <time>2026-07-04T16:20:37.999Z</time>
      </trkpt>
      <trkpt lat="42.874108" lon="-0.266317">
        <ele>1554.719228</ele>
        <time>2026-07-04T16:20:49.999Z</time>
      </trkpt>
      <trkpt lat="42.874210" lon="-0.266309">
        <ele>1553.955742</ele>
        <time>2026-07-04T16:20:59.999Z</time>
      </trkpt>
      <trkpt lat="42.874299" lon="-0.266320">
        <ele>1553.287939</ele>
        <time>2026-07-04T16:21:07.999Z</time>
      </trkpt>
      <trkpt lat="42.874392" lon="-0.266284">
        <ele>1552.565544</ele>
        <time>2026-07-04T16:21:18.999Z</time>
      </trkpt>
      <trkpt lat="42.874483" lon="-0.266256">
        <ele>1551.868443</ele>
        <time>2026-07-04T16:21:30.999Z</time>
      </trkpt>
      <trkpt lat="42.874565" lon="-0.266197">
        <ele>1551.175704</ele>
        <time>2026-07-04T16:21:42.998Z</time>
      </trkpt>
      <trkpt lat="42.874659" lon="-0.266207">
        <ele>1550.471127</ele>
        <time>2026-07-04T16:21:57.998Z</time>
      </trkpt>
      <trkpt lat="42.874758" lon="-0.266225">
        <ele>1549.724780</ele>
        <time>2026-07-04T16:22:09.998Z</time>
      </trkpt>
      <trkpt lat="42.874850" lon="-0.266225">
        <ele>1549.037280</ele>
        <time>2026-07-04T16:22:19.998Z</time>
      </trkpt>
      <trkpt lat="42.874944" lon="-0.266215">
        <ele>1548.332704</ele>
        <time>2026-07-04T16:22:31.999Z</time>
      </trkpt>
      <trkpt lat="42.875033" lon="-0.266195">
        <ele>1547.658665</ele>
        <time>2026-07-04T16:22:43.999Z</time>
      </trkpt>
      <trkpt lat="42.875123" lon="-0.266177">
        <ele>1546.978925</ele>
        <time>2026-07-04T16:22:55.999Z</time>
      </trkpt>
      <trkpt lat="42.875222" lon="-0.266162">
        <ele>1546.234570</ele>
        <time>2026-07-04T16:23:11.999Z</time>
      </trkpt>
      <trkpt lat="42.875314" lon="-0.266158">
        <ele>1545.546721</ele>
        <time>2026-07-04T16:23:22.999Z</time>
      </trkpt>
      <trkpt lat="42.875409" lon="-0.266148">
        <ele>1544.834695</ele>
        <time>2026-07-04T16:23:34.998Z</time>
      </trkpt>
      <trkpt lat="42.875505" lon="-0.266165">
        <ele>1544.111288</ele>
        <time>2026-07-04T16:23:45.998Z</time>
      </trkpt>
      <trkpt lat="42.875599" lon="-0.266158">
        <ele>1543.407798</ele>
        <time>2026-07-04T16:23:58.998Z</time>
      </trkpt>
      <trkpt lat="42.875695" lon="-0.266146">
        <ele>1542.816194</ele>
        <time>2026-07-04T16:24:09.998Z</time>
      </trkpt>
      <trkpt lat="42.875790" lon="-0.266151">
        <ele>1542.614608</ele>
        <time>2026-07-04T16:24:20.998Z</time>
      </trkpt>
      <trkpt lat="42.875867" lon="-0.266077">
        <ele>1542.414911</ele>
        <time>2026-07-04T16:24:32.999Z</time>
      </trkpt>
      <trkpt lat="42.875950" lon="-0.265999">
        <ele>1542.201222</ele>
        <time>2026-07-04T16:24:44.999Z</time>
      </trkpt>
      <trkpt lat="42.876041" lon="-0.265958">
        <ele>1541.998022</ele>
        <time>2026-07-04T16:24:53.999Z</time>
      </trkpt>
      <trkpt lat="42.876129" lon="-0.265900">
        <ele>1541.790803</ele>
        <time>2026-07-04T16:25:04.999Z</time>
      </trkpt>
      <trkpt lat="42.876227" lon="-0.265886">
        <ele>1541.581871</ele>
        <time>2026-07-04T16:25:16.999Z</time>
      </trkpt>
      <trkpt lat="42.876317" lon="-0.265936">
        <ele>1541.375827</ele>
        <time>2026-07-04T16:25:28.999Z</time>
      </trkpt>
      <trkpt lat="42.876370" lon="-0.266044">
        <ele>1541.173857</ele>
        <time>2026-07-04T16:25:42.998Z</time>
      </trkpt>
      <trkpt lat="42.876425" lon="-0.266151">
        <ele>1540.970771</ele>
        <time>2026-07-04T16:25:55.998Z</time>
      </trkpt>
      <trkpt lat="42.876486" lon="-0.266251">
        <ele>1540.768596</ele>
        <time>2026-07-04T16:26:05.998Z</time>
      </trkpt>
      <trkpt lat="42.876534" lon="-0.266365">
        <ele>1540.564299</ele>
        <time>2026-07-04T16:26:17.998Z</time>
      </trkpt>
      <trkpt lat="42.876610" lon="-0.266437">
        <ele>1540.368122</ele>
        <time>2026-07-04T16:26:26.998Z</time>
      </trkpt>
      <trkpt lat="42.876680" lon="-0.266514">
        <ele>1540.177476</ele>
        <time>2026-07-04T16:26:35.999Z</time>
      </trkpt>
      <trkpt lat="42.876768" lon="-0.266572">
        <ele>1539.970258</ele>
        <time>2026-07-04T16:26:44.999Z</time>
      </trkpt>
      <trkpt lat="42.876860" lon="-0.266602">
        <ele>1539.769690</ele>
        <time>2026-07-04T16:26:54.999Z</time>
      </trkpt>
      <trkpt lat="42.876939" lon="-0.266664">
        <ele>1539.576453</ele>
        <time>2026-07-04T16:27:05.999Z</time>
      </trkpt>
      <trkpt lat="42.876997" lon="-0.266771">
        <ele>1539.369650</ele>
        <time>2026-07-04T16:27:16.999Z</time>
      </trkpt>
      <trkpt lat="42.877031" lon="-0.266889">
        <ele>1539.172632</ele>
        <time>2026-07-04T16:27:27.999Z</time>
      </trkpt>
      <trkpt lat="42.877104" lon="-0.266970">
        <ele>1539.195021</ele>
        <time>2026-07-04T16:27:38.999Z</time>
      </trkpt>
      <trkpt lat="42.877174" lon="-0.267062">
        <ele>1539.558545</ele>
        <time>2026-07-04T16:27:50.998Z</time>
      </trkpt>
      <trkpt lat="42.877248" lon="-0.267132">
        <ele>1539.895340</ele>
        <time>2026-07-04T16:27:59.998Z</time>
      </trkpt>
      <trkpt lat="42.877338" lon="-0.267184">
        <ele>1540.260914</ele>
        <time>2026-07-04T16:28:09.998Z</time>
      </trkpt>
      <trkpt lat="42.877427" lon="-0.267239">
        <ele>1540.626360</ele>
        <time>2026-07-04T16:28:20.998Z</time>
      </trkpt>
      <trkpt lat="42.877512" lon="-0.267287">
        <ele>1540.970448</ele>
        <time>2026-07-04T16:28:30.998Z</time>
      </trkpt>
      <trkpt lat="42.877594" lon="-0.267345">
        <ele>1541.315920</ele>
        <time>2026-07-04T16:28:39.998Z</time>
      </trkpt>
      <trkpt lat="42.877684" lon="-0.267400">
        <ele>1541.684777</ele>
        <time>2026-07-04T16:28:51.999Z</time>
      </trkpt>
      <trkpt lat="42.877762" lon="-0.267476">
        <ele>1542.043272</ele>
        <time>2026-07-04T16:29:00.999Z</time>
      </trkpt>
      <trkpt lat="42.877846" lon="-0.267533">
        <ele>1542.394173</ele>
        <time>2026-07-04T16:29:10.999Z</time>
      </trkpt>
      <trkpt lat="42.877942" lon="-0.267570">
        <ele>1542.767305</ele>
        <time>2026-07-04T16:29:21.999Z</time>
      </trkpt>
      <trkpt lat="42.878024" lon="-0.267620">
        <ele>1543.103250</ele>
        <time>2026-07-04T16:29:31.999Z</time>
      </trkpt>
      <trkpt lat="42.878109" lon="-0.267669">
        <ele>1543.448395</ele>
        <time>2026-07-04T16:29:42.000Z</time>
      </trkpt>
      <trkpt lat="42.878199" lon="-0.267690">
        <ele>1543.789922</ele>
        <time>2026-07-04T16:29:50.999Z</time>
      </trkpt>
      <trkpt lat="42.878292" lon="-0.267699">
        <ele>1544.138659</ele>
        <time>2026-07-04T16:29:59.999Z</time>
      </trkpt>
      <trkpt lat="42.878386" lon="-0.267733">
        <ele>1544.502404</ele>
        <time>2026-07-04T16:30:09.999Z</time>
      </trkpt>
      <trkpt lat="42.878481" lon="-0.267742">
        <ele>1544.858603</ele>
        <time>2026-07-04T16:30:19.999Z</time>
      </trkpt>
      <trkpt lat="42.878572" lon="-0.267747">
        <ele>1545.199261</ele>
        <time>2026-07-04T16:30:28.999Z</time>
      </trkpt>
      <trkpt lat="42.878666" lon="-0.267769">
        <ele>1545.555999</ele>
        <time>2026-07-04T16:30:42.999Z</time>
      </trkpt>
      <trkpt lat="42.878748" lon="-0.267820">
        <ele>1545.788560</ele>
        <time>2026-07-04T16:30:56.000Z</time>
      </trkpt>
      <trkpt lat="42.878837" lon="-0.267863">
        <ele>1545.811882</ele>
        <time>2026-07-04T16:31:08.000Z</time>
      </trkpt>
      <trkpt lat="42.878931" lon="-0.267875">
        <ele>1545.835204</ele>
        <time>2026-07-04T16:31:20.000Z</time>
      </trkpt>
      <trkpt lat="42.879027" lon="-0.267863">
        <ele>1545.859017</ele>
        <time>2026-07-04T16:31:32.000Z</time>
      </trkpt>
      <trkpt lat="42.879117" lon="-0.267846">
        <ele>1545.881461</ele>
        <time>2026-07-04T16:31:44.000Z</time>
      </trkpt>
      <trkpt lat="42.879204" lon="-0.267805">
        <ele>1545.904198</ele>
        <time>2026-07-04T16:31:55.999Z</time>
      </trkpt>
      <trkpt lat="42.879296" lon="-0.267795">
        <ele>1545.926996</ele>
        <time>2026-07-04T16:32:06.999Z</time>
      </trkpt>
      <trkpt lat="42.879380" lon="-0.267750">
        <ele>1545.949288</ele>
        <time>2026-07-04T16:32:16.999Z</time>
      </trkpt>
      <trkpt lat="42.879476" lon="-0.267710">
        <ele>1545.974083</ele>
        <time>2026-07-04T16:32:28.999Z</time>
      </trkpt>
      <trkpt lat="42.879571" lon="-0.267676">
        <ele>1545.998344</ele>
        <time>2026-07-04T16:32:38.999Z</time>
      </trkpt>
      <trkpt lat="42.879664" lon="-0.267646">
        <ele>1546.021950</ele>
        <time>2026-07-04T16:32:49.999Z</time>
      </trkpt>
      <trkpt lat="42.879754" lon="-0.267611">
        <ele>1546.045068</ele>
        <time>2026-07-04T16:33:01.000Z</time>
      </trkpt>
      <trkpt lat="42.879846" lon="-0.267570">
        <ele>1546.068975</ele>
        <time>2026-07-04T16:33:12.000Z</time>
      </trkpt>
      <trkpt lat="42.879939" lon="-0.267561">
        <ele>1546.092006</ele>
        <time>2026-07-04T16:33:21.000Z</time>
      </trkpt>
      <trkpt lat="42.880027" lon="-0.267538">
        <ele>1546.114139</ele>
        <time>2026-07-04T16:33:30.999Z</time>
      </trkpt>
      <trkpt lat="42.880115" lon="-0.267487">
        <ele>1546.137756</ele>
        <time>2026-07-04T16:33:41.999Z</time>
      </trkpt>
      <trkpt lat="42.880207" lon="-0.267431">
        <ele>1546.162641</ele>
        <time>2026-07-04T16:33:54.999Z</time>
      </trkpt>
      <trkpt lat="42.880304" lon="-0.267401">
        <ele>1546.187210</ele>
        <time>2026-07-04T16:34:05.999Z</time>
      </trkpt>
      <trkpt lat="42.880401" lon="-0.267355">
        <ele>1546.212577</ele>
        <time>2026-07-04T16:34:14.999Z</time>
      </trkpt>
      <trkpt lat="42.880486" lon="-0.267310">
        <ele>1546.002058</ele>
        <time>2026-07-04T16:34:24.999Z</time>
      </trkpt>
      <trkpt lat="42.880575" lon="-0.267243">
        <ele>1545.418938</ele>
        <time>2026-07-04T16:34:35.999Z</time>
      </trkpt>
      <trkpt lat="42.880661" lon="-0.267196">
        <ele>1544.887471</ele>
        <time>2026-07-04T16:34:45.999Z</time>
      </trkpt>
      <trkpt lat="42.880758" lon="-0.267172">
        <ele>1544.321918</ele>
        <time>2026-07-04T16:34:54.999Z</time>
      </trkpt>
      <trkpt lat="42.880847" lon="-0.267149">
        <ele>1543.802259</ele>
        <time>2026-07-04T16:35:03.000Z</time>
      </trkpt>
      <trkpt lat="42.880940" lon="-0.267158">
        <ele>1543.267386</ele>
        <time>2026-07-04T16:35:12.000Z</time>
      </trkpt>
      <trkpt lat="42.881031" lon="-0.267192">
        <ele>1542.726114</ele>
        <time>2026-07-04T16:35:22.000Z</time>
      </trkpt>
      <trkpt lat="42.881120" lon="-0.267252">
        <ele>1542.156626</ele>
        <time>2026-07-04T16:35:33.000Z</time>
      </trkpt>
      <trkpt lat="42.881209" lon="-0.267304">
        <ele>1541.601214</ele>
        <time>2026-07-04T16:35:42.999Z</time>
      </trkpt>
      <trkpt lat="42.881297" lon="-0.267355">
        <ele>1541.052728</ele>
        <time>2026-07-04T16:35:53.999Z</time>
      </trkpt>
      <trkpt lat="42.881378" lon="-0.267415">
        <ele>1540.523997</ele>
        <time>2026-07-04T16:36:04.999Z</time>
      </trkpt>
      <trkpt lat="42.881461" lon="-0.267484">
        <ele>1539.966442</ele>
        <time>2026-07-04T16:36:15.999Z</time>
      </trkpt>
      <trkpt lat="42.881538" lon="-0.267556">
        <ele>1539.430954</ele>
        <time>2026-07-04T16:36:25.999Z</time>
      </trkpt>
      <trkpt lat="42.881622" lon="-0.267616">
        <ele>1538.887035</ele>
        <time>2026-07-04T16:36:36.999Z</time>
      </trkpt>
      <trkpt lat="42.881705" lon="-0.267666">
        <ele>1538.366544</ele>
        <time>2026-07-04T16:36:47.999Z</time>
      </trkpt>
      <trkpt lat="42.881788" lon="-0.267726">
        <ele>1537.827702</ele>
        <time>2026-07-04T16:36:57.999Z</time>
      </trkpt>
      <trkpt lat="42.881883" lon="-0.267748">
        <ele>1537.274904</ele>
        <time>2026-07-04T16:37:09.000Z</time>
      </trkpt>
      <trkpt lat="42.881979" lon="-0.267752">
        <ele>1536.723904</ele>
        <time>2026-07-04T16:37:19.000Z</time>
      </trkpt>
      <trkpt lat="42.882069" lon="-0.267789">
        <ele>1536.184663</ele>
        <time>2026-07-04T16:37:27.000Z</time>
      </trkpt>
      <trkpt lat="42.882158" lon="-0.267851">
        <ele>1535.036880</ele>
        <time>2026-07-04T16:37:36.000Z</time>
      </trkpt>
      <trkpt lat="42.882243" lon="-0.267915">
        <ele>1533.396827</ele>
        <time>2026-07-04T16:37:45.000Z</time>
      </trkpt>
      <trkpt lat="42.882270" lon="-0.268033">
        <ele>1531.866521</ele>
        <time>2026-07-04T16:38:05.999Z</time>
      </trkpt>
      <trkpt lat="42.882176" lon="-0.268038">
        <ele>1530.277273</ele>
        <time>2026-07-04T16:38:20.999Z</time>
      </trkpt>
      <trkpt lat="42.882082" lon="-0.268018">
        <ele>1528.670046</ele>
        <time>2026-07-04T16:38:30.999Z</time>
      </trkpt>
      <trkpt lat="42.881988" lon="-0.268002">
        <ele>1527.069699</ele>
        <time>2026-07-04T16:38:42.999Z</time>
      </trkpt>
      <trkpt lat="42.882011" lon="-0.268123">
        <ele>1525.522233</ele>
        <time>2026-07-04T16:39:03.999Z</time>
      </trkpt>
      <trkpt lat="42.882101" lon="-0.268161">
        <ele>1523.930661</ele>
        <time>2026-07-04T16:39:13.000Z</time>
      </trkpt>
      <trkpt lat="42.882182" lon="-0.268219">
        <ele>1522.385317</ele>
        <time>2026-07-04T16:39:25.000Z</time>
      </trkpt>
      <trkpt lat="42.882253" lon="-0.268301">
        <ele>1520.813959</ele>
        <time>2026-07-04T16:39:36.000Z</time>
      </trkpt>
      <trkpt lat="42.882326" lon="-0.268377">
        <ele>1519.262803</ele>
        <time>2026-07-04T16:39:46.000Z</time>
      </trkpt>
      <trkpt lat="42.882415" lon="-0.268428">
        <ele>1517.632062</ele>
        <time>2026-07-04T16:39:58.000Z</time>
      </trkpt>
      <trkpt lat="42.882482" lon="-0.268509">
        <ele>1516.119900</ele>
        <time>2026-07-04T16:40:09.000Z</time>
      </trkpt>
      <trkpt lat="42.882558" lon="-0.268577">
        <ele>1514.584608</ele>
        <time>2026-07-04T16:40:22.999Z</time>
      </trkpt>
      <trkpt lat="42.882634" lon="-0.268649">
        <ele>1513.021619</ele>
        <time>2026-07-04T16:40:32.999Z</time>
      </trkpt>
      <trkpt lat="42.882734" lon="-0.268641">
        <ele>1511.329312</ele>
        <time>2026-07-04T16:40:44.999Z</time>
      </trkpt>
      <trkpt lat="42.882830" lon="-0.268670">
        <ele>1509.668224</ele>
        <time>2026-07-04T16:40:53.999Z</time>
      </trkpt>
      <trkpt lat="42.882751" lon="-0.268747">
        <ele>1508.028160</ele>
        <time>2026-07-04T16:41:07.999Z</time>
      </trkpt>
      <trkpt lat="42.882667" lon="-0.268821">
        <ele>1506.339076</ele>
        <time>2026-07-04T16:41:18.000Z</time>
      </trkpt>
      <trkpt lat="42.882579" lon="-0.268858">
        <ele>1504.913934</ele>
        <time>2026-07-04T16:41:28.000Z</time>
      </trkpt>
      <trkpt lat="42.882489" lon="-0.268905">
        <ele>1503.574211</ele>
        <time>2026-07-04T16:41:38.000Z</time>
      </trkpt>
      <trkpt lat="42.882391" lon="-0.268926">
        <ele>1502.195052</ele>
        <time>2026-07-04T16:41:48.000Z</time>
      </trkpt>
      <trkpt lat="42.882294" lon="-0.268928">
        <ele>1500.846336</ele>
        <time>2026-07-04T16:42:00.000Z</time>
      </trkpt>
      <trkpt lat="42.882201" lon="-0.268891">
        <ele>1499.499562</ele>
        <time>2026-07-04T16:42:11.999Z</time>
      </trkpt>
      <trkpt lat="42.882189" lon="-0.269028">
        <ele>1498.093970</ele>
        <time>2026-07-04T16:42:33.999Z</time>
      </trkpt>
      <trkpt lat="42.882263" lon="-0.269103">
        <ele>1496.812489</ele>
        <time>2026-07-04T16:42:42.999Z</time>
      </trkpt>
      <trkpt lat="42.882350" lon="-0.269146">
        <ele>1495.526073</ele>
        <time>2026-07-04T16:42:50.999Z</time>
      </trkpt>
      <trkpt lat="42.882439" lon="-0.269171">
        <ele>1494.262793</ele>
        <time>2026-07-04T16:43:02.999Z</time>
      </trkpt>
      <trkpt lat="42.882526" lon="-0.269226">
        <ele>1492.929786</ele>
        <time>2026-07-04T16:43:15.999Z</time>
      </trkpt>
      <trkpt lat="42.882612" lon="-0.269276">
        <ele>1491.630176</ele>
        <time>2026-07-04T16:43:26.000Z</time>
      </trkpt>
      <trkpt lat="42.882696" lon="-0.269320">
        <ele>1490.379281</ele>
        <time>2026-07-04T16:43:39.000Z</time>
      </trkpt>
      <trkpt lat="42.882784" lon="-0.269374">
        <ele>1489.037857</ele>
        <time>2026-07-04T16:43:55.000Z</time>
      </trkpt>
      <trkpt lat="42.882875" lon="-0.269369">
        <ele>1487.771686</ele>
        <time>2026-07-04T16:44:07.000Z</time>
      </trkpt>
      <trkpt lat="42.882972" lon="-0.269394">
        <ele>1486.399286</ele>
        <time>2026-07-04T16:44:18.000Z</time>
      </trkpt>
      <trkpt lat="42.883072" lon="-0.269410">
        <ele>1484.999493</ele>
        <time>2026-07-04T16:44:25.000Z</time>
      </trkpt>
      <trkpt lat="42.883159" lon="-0.269464">
        <ele>1483.670737</ele>
        <time>2026-07-04T16:44:36.999Z</time>
      </trkpt>
      <trkpt lat="42.883095" lon="-0.269560">
        <ele>1482.348577</ele>
        <time>2026-07-04T16:44:53.999Z</time>
      </trkpt>
      <trkpt lat="42.883005" lon="-0.269605">
        <ele>1481.016000</ele>
        <time>2026-07-04T16:45:05.999Z</time>
      </trkpt>
      <trkpt lat="42.882913" lon="-0.269675">
        <ele>1480.514406</ele>
        <time>2026-07-04T16:45:19.999Z</time>
      </trkpt>
      <trkpt lat="42.882822" lon="-0.269721">
        <ele>1480.514406</ele>
        <time>2026-07-04T16:45:30.000Z</time>
      </trkpt>
      <trkpt lat="42.882753" lon="-0.269813">
        <ele>1480.514406</ele>
        <time>2026-07-04T16:45:39.000Z</time>
      </trkpt>
      <trkpt lat="42.882690" lon="-0.269913">
        <ele>1480.514406</ele>
        <time>2026-07-04T16:45:49.000Z</time>
      </trkpt>
      <trkpt lat="42.882664" lon="-0.270039">
        <ele>1480.514406</ele>
        <time>2026-07-04T16:46:03.000Z</time>
      </trkpt>
      <trkpt lat="42.882615" lon="-0.270149">
        <ele>1480.514406</ele>
        <time>2026-07-04T16:46:13.000Z</time>
      </trkpt>
      <trkpt lat="42.882649" lon="-0.270268">
        <ele>1480.514406</ele>
        <time>2026-07-04T16:46:23.000Z</time>
      </trkpt>
      <trkpt lat="42.882734" lon="-0.270350">
        <ele>1480.514406</ele>
        <time>2026-07-04T16:46:30.999Z</time>
      </trkpt>
      <trkpt lat="42.882824" lon="-0.270412">
        <ele>1480.514406</ele>
        <time>2026-07-04T16:46:39.999Z</time>
      </trkpt>
      <trkpt lat="42.882904" lon="-0.270473">
        <ele>1480.514406</ele>
        <time>2026-07-04T16:46:52.999Z</time>
      </trkpt>
      <trkpt lat="42.882995" lon="-0.270527">
        <ele>1480.514406</ele>
        <time>2026-07-04T16:47:03.999Z</time>
      </trkpt>
      <trkpt lat="42.883060" lon="-0.270615">
        <ele>1480.514406</ele>
        <time>2026-07-04T16:47:11.999Z</time>
      </trkpt>
      <trkpt lat="42.883143" lon="-0.270669">
        <ele>1480.514406</ele>
        <time>2026-07-04T16:47:20.999Z</time>
      </trkpt>
      <trkpt lat="42.883235" lon="-0.270687">
        <ele>1480.514406</ele>
        <time>2026-07-04T16:47:37.000Z</time>
      </trkpt>
    </trkseg>
  </trk>
</gpx>